"id","user_id","entity_type","entity_id","action","description","metadata","created_at"
"01bc5162-927b-4ce8-9feb-dc385c5c60cf","3f2ac51e-75c9-4997-900e-46422aa22459","proof","64a1a5fb-e205-4057-a35f-c7e78a63e237","created","Proof link added from www.dropbox.com",,"""2025-10-03T16:25:53.896Z"""
"023a229c-8b5e-42fd-87dc-e623169d1c84","a717bcf8-6395-4cdf-8131-fdabb222541e","job","80c0c4f7-1e9e-483d-ae4a-d22a385bfdab","job_created","Direct order created: THB SLPFTTY Letters",,"""2025-10-03T16:03:21.108Z"""
"02abe90f-e21f-4ae1-ad89-86bd29021256","3f2ac51e-75c9-4997-900e-46422aa22459","outgoing_po","9f56d0b2-f594-4658-8101-9d5b61692dbd","po_created","Purchase order PO-2025-119273 created for job J-2025-119173",,"""2025-09-26T01:11:59.335Z"""
"03ff5841-2d3e-4f70-9073-2fe60419f93b","system","job","J-2025-522931","email_job_completed","Email success: job_completed to lorie@jjsainc.com, brandon@innovateflow.co, steve.gustafson@bgeltd.com","{""emailEvent"":{""type"":""job_completed"",""status"":""success"",""subject"":""ðŸ“Ž File Upload: PO#44172 - DATA"",""timestamp"":""2025-10-06T20:10:03.489Z"",""recipients"":[""lorie@jjsainc.com"",""brandon@innovateflow.co"",""steve.gustafson@bgeltd.com""]}}","""2025-10-06T20:10:03.560Z"""
"0569f825-04ab-413d-83fa-9f2941adf59e","3f2ac51e-75c9-4997-900e-46422aa22459","invoice","31492239-f015-4102-9da0-2ca00656e450","invoice_sent","Invoice INV-2025-931061 sent to steve.gustafson@bgeltd.com, Brandon@impactdirectprinting.com, brandon@innovateflow.co",,"""2025-10-14T19:59:39.971Z"""
"0593c013-7291-4dd2-9bda-b241cc72d3c5","3f2ac51e-75c9-4997-900e-46422aa22459","job","b7456eb0-1296-40c9-a60d-1d37422e66f2","job_updated","Job updated: October Naomi Whittel Oversized Postcard",,"""2025-09-15T19:42:02.348Z"""
"05d64a6d-c880-4a30-8ede-6d0285def77c","a503ede4-be89-4f7b-ba54-b31fc37c2f39","bradford_po","c7914a79-086a-4de1-89da-3bad98e2ee02","updated","Bradford PO updated",,"""2025-10-14T20:55:27.215Z"""
"071b57ad-35bf-466e-bd00-e39da9adcefb","3f2ac51e-75c9-4997-900e-46422aa22459","invoice","8c6829e6-dc8e-42e3-a374-e3bb86fcae2c","updated","Invoice updated: INV-2025-861798",,"""2025-10-08T21:56:57.225Z"""
"08a3cf5a-2f89-4e2b-aa53-e6f7bbe1343a","a503ede4-be89-4f7b-ba54-b31fc37c2f39","bradford_po","2d2ab6b4-f9b3-4737-9eb0-e6fc43ca2ab3","created","Bradford PO 1227426 created and sent for job J-2025-308885",,"""2025-10-08T16:01:00.039Z"""
"0abde523-1fea-4746-8509-7f1f21378790","system","job","J-2025-522931","email_job_completed","Email success: job_completed to lorie@jjsainc.com, brandon@innovateflow.co, steve.gustafson@bgeltd.com","{""emailEvent"":{""type"":""job_completed"",""status"":""success"",""subject"":""ðŸ“Ž File Upload: PO#44172 - DATA"",""timestamp"":""2025-10-06T20:10:02.598Z"",""recipients"":[""lorie@jjsainc.com"",""brandon@innovateflow.co"",""steve.gustafson@bgeltd.com""]}}","""2025-10-06T20:10:02.668Z"""
"0bb0fffd-9361-4435-8437-2ba29111690d","3f2ac51e-75c9-4997-900e-46422aa22459","invoice","8c6829e6-dc8e-42e3-a374-e3bb86fcae2c","emailed","Invoice INV-2025-861798 emailed to matt@ballantine.com",,"""2025-10-06T17:31:02.427Z"""
"0c19adf4-7d0b-4d8b-9e97-c8aeb319fe4b","3f2ac51e-75c9-4997-900e-46422aa22459","invoice","a6d4138a-3bd6-498b-9f76-25184e1e2ef0","updated","Invoice updated: INV-2025-874193",,"""2025-10-08T22:18:14.016Z"""
"0c635770-4967-4c4a-978b-36a26bfcd18b","3f2ac51e-75c9-4997-900e-46422aa22459","invoice","e66b7a3e-1021-44c1-90f5-c4a837805a6d","updated","Invoice updated: INV-2025-795600",,"""2025-10-13T11:02:30.720Z"""
"0ce01337-2588-4886-bd82-630a08ef599e","3f2ac51e-75c9-4997-900e-46422aa22459","job","b7456eb0-1296-40c9-a60d-1d37422e66f2","job_updated","Job updated: October Naomi Whittel Oversized Postcard",,"""2025-09-24T17:11:39.975Z"""
"0ff0bd8c-a349-4903-9cac-bd82f244b903","a503ede4-be89-4f7b-ba54-b31fc37c2f39","bradford_po","43b2fa8f-1bae-414f-947a-271e5370dca7","created","Bradford PO BPO-2025-678647 created and sent for job J-2025-314062",,"""2025-10-07T19:51:19.519Z"""
"108f3afb-3bd5-4183-8d28-ce052e9e86d3","3f2ac51e-75c9-4997-900e-46422aa22459","job","158dc932-f147-4b35-a47d-5b4af51300bf","job_created","Direct order created: DBTXX Selfmailer - Print + Mail",,"""2025-10-06T17:11:50.633Z"""
"11de309e-1e4a-4199-b855-7da9cb85a508","a503ede4-be89-4f7b-ba54-b31fc37c2f39","bradford_po","5e6fd004-6d8f-4ea2-99db-82afd8d89b62","created","Bradford PO BPO-2025-679401 uploaded for job J-2025-646183",,"""2025-10-08T14:27:59.753Z"""
"11e14100-0b8a-458b-ab94-828455017380","3f2ac51e-75c9-4997-900e-46422aa22459","proof","9bac8d09-8152-4b25-b519-3a9f62d84f39","created","Proof uploaded from URL: www.dropbox.com",,"""2025-09-15T20:48:33.593Z"""
"11e5bec4-18ab-451b-9a3a-b524aff6cd72","system","system","jobs-report","email_jobs_report","Email success: jobs_report to brandon@innovateflow.co, steve.gustafson@bgeltd.com, nick@starterboxstudios.com","{""emailEvent"":{""type"":""jobs_report"",""status"":""success"",""subject"":""Jobs Report - 10/9/2025"",""timestamp"":""2025-10-09T19:48:09.436Z"",""recipients"":[""brandon@innovateflow.co"",""steve.gustafson@bgeltd.com"",""nick@starterboxstudios.com""]}}","""2025-10-09T19:48:09.874Z"""
"11ec716e-b028-43a3-8db9-7a7c78adf8c2","system","system","jobs-report","email_jobs_report","Email success: jobs_report to brandon@innovateflow.co, steve.gustafson@bgeltd.com, nick@starterboxstudios.com","{""emailEvent"":{""type"":""jobs_report"",""status"":""success"",""subject"":""Bradford Financial Report - 10/14/2025"",""timestamp"":""2025-10-14T21:14:17.526Z"",""recipients"":[""brandon@innovateflow.co"",""steve.gustafson@bgeltd.com"",""nick@starterboxstudios.com""]}}","""2025-10-14T21:14:18.042Z"""
"126a00c6-1302-4fce-add5-c19b6e50d6b2","3f2ac51e-75c9-4997-900e-46422aa22459","outgoing_po","0e727d9e-98d8-45a5-8dcf-58af10dbf020","auto_created","Auto-generated Bradford PO PO-2025-534755 for Impact invoice",,"""2025-09-30T22:48:54.812Z"""
"12716139-3c11-4c35-8a6e-ac502026f592","system","job","J-2025-522931","email_job_completed","Email success: job_completed to lorie@jjsainc.com, brandon@innovateflow.co, steve.gustafson@bgeltd.com","{""emailEvent"":{""type"":""job_completed"",""status"":""success"",""subject"":""ðŸ“Ž File Upload: PO#44172 - DATA"",""timestamp"":""2025-10-06T20:10:01.151Z"",""recipients"":[""lorie@jjsainc.com"",""brandon@innovateflow.co"",""steve.gustafson@bgeltd.com""]}}","""2025-10-06T20:10:01.642Z"""
"1290e59d-6e1a-4f95-aee8-9242ff5f38d6","aa1c746b-bee6-448c-9112-cf6f8531da6e","job","6a846470-ee73-4ccf-9b6c-31c3c10d499b","file_uploaded","data file ""Charter Facility- Starterbox Studios- IL, MN OH.xlsx"" uploaded",,"""2025-10-09T15:44:24.546Z"""
"141e1ee4-e925-4343-a6f6-63da6a3210ce","a503ede4-be89-4f7b-ba54-b31fc37c2f39","invoice","387796ae-7a5e-4afc-807f-ee91f6c80e4d","deleted","Invoice deleted: INV-2025-869742",,"""2025-10-14T19:55:04.497Z"""
"152c6ac2-3856-44c3-b1ae-214fdc0531e4","3f2ac51e-75c9-4997-900e-46422aa22459","job","0685e7ff-ef07-4ba7-b646-bbaf9a10d141","job_updated","Job updated: PSALC Selfmailer - Print + Mail - Status changed from ""pending"" to ""completed""",,"""2025-10-14T19:58:36.443Z"""
"188e768c-e209-4627-8167-068236c3ca0f","system","job","J-2025-704908","email_sample_tracking","Email success: sample_tracking to LORIE@JJSAINC.COM, brandon@innovateflow.co, steve.gustafson@bgeltd.com","{""emailEvent"":{""type"":""sample_tracking"",""status"":""success"",""subject"":""Job Updated - J-2025-704908"",""timestamp"":""2025-10-13T14:11:56.900Z"",""recipients"":[""LORIE@JJSAINC.COM"",""brandon@innovateflow.co"",""steve.gustafson@bgeltd.com""]}}","""2025-10-13T14:11:57.199Z"""
"194d86ea-4035-4179-ae76-9e1b999c8e47","system","system","jobs-report","email_jobs_report","Email success: jobs_report to brandon@innovateflow.co, steve.gustafson@bgeltd.com, nick@starterboxstudios.com","{""emailEvent"":{""type"":""jobs_report"",""status"":""success"",""subject"":""Bradford Financial Report - 10/14/2025"",""timestamp"":""2025-10-14T21:20:57.189Z"",""recipients"":[""brandon@innovateflow.co"",""steve.gustafson@bgeltd.com"",""nick@starterboxstudios.com""]}}","""2025-10-14T21:20:57.793Z"""
"19c6f456-0bb1-4835-8345-154720adb730","3f2ac51e-75c9-4997-900e-46422aa22459","invoice","8c6829e6-dc8e-42e3-a374-e3bb86fcae2c","updated","Invoice updated: INV-2025-861798",,"""2025-10-13T10:58:58.161Z"""
"1a515d63-0384-4f8e-916a-4cc9bc61acde","a503ede4-be89-4f7b-ba54-b31fc37c2f39","outgoing_po","dfd33da5-15e1-4d6b-b4fc-985bd907de9a","deleted","Outgoing PO deleted",,"""2025-10-07T21:39:28.634Z"""
"1ac667c8-ffe6-4b4a-872d-f5ca5e167c98","aa1c746b-bee6-448c-9112-cf6f8531da6e","job","6a846470-ee73-4ccf-9b6c-31c3c10d499b","files_submitted","All files submitted for production (2 files)",,"""2025-10-09T15:44:39.019Z"""
"1bbf26c2-4eb8-4beb-ba51-a8593b7c7d12","a503ede4-be89-4f7b-ba54-b31fc37c2f39","bradford_po","830d0e50-5034-4bd5-a8d7-d73a496bf39c","updated","Bradford PO updated",,"""2025-10-14T20:35:07.556Z"""
"1c1e4314-723d-4656-b448-424e3eea4c05","3f2ac51e-75c9-4997-900e-46422aa22459","job","b7456eb0-1296-40c9-a60d-1d37422e66f2","job_created","Direct order created: October Naomi Whittel Oversized Postcard",,"""2025-08-28T19:00:53.990Z"""
"1cb29a4c-3069-48e8-8418-881467e0f27e","system","invoice","INV-2025-854181","email_invoice_sent","Email success: invoice_sent to matt@ballantine.com","{""emailEvent"":{""type"":""invoice_sent"",""status"":""success"",""subject"":""ðŸ“„ PO#34386-51200.24 - Invoice INV-2025-854181 - School Psychology Selfmailer - Print + Mail"",""jobNumber"":""J-2025-308885"",""timestamp"":""2025-10-06T17:30:54.764Z"",""recipients"":[""matt@ballantine.com""],""invoiceNumber"":""INV-2025-854181"",""customerPoNumber"":""34386-51200.24""}}","""2025-10-06T17:30:54.790Z"""
"1d5d4d7b-3d0c-4fae-8c59-f3f94af002fe","3f2ac51e-75c9-4997-900e-46422aa22459","job","63b5341d-813a-4e67-b1f0-466df38bd20f","job_updated","Job updated: Bissingers Chocolate Advent Postcard",,"""2025-08-28T21:48:33.161Z"""
"1db1a023-01d7-461e-a845-918191b3cdcd","3f2ac51e-75c9-4997-900e-46422aa22459","invoice","cc1ffad1-945b-47b7-b6aa-05b5247f0802","invoice_sent","Invoice INV-2025-582613 sent to lorie@jjsainc.com, Brandon@impactdirectprinting.com, brandon@innovateflow.co",,"""2025-09-30T22:49:55.441Z"""
"1df467b7-efc7-4d28-bb6f-e141e7bf29ab","a503ede4-be89-4f7b-ba54-b31fc37c2f39","outgoing_po","36fff9be-b72f-4b0b-ba14-6af4c64d6cf8","deleted","Outgoing PO deleted",,"""2025-10-10T06:08:18.768Z"""
"1e7985e4-29f7-454d-a2ff-08c87bf89b28","a503ede4-be89-4f7b-ba54-b31fc37c2f39","invoice","2f504094-441b-4a7c-bf28-41bd338f4f1a","deleted","Invoice deleted: INV-2025-194353",,"""2025-10-14T19:54:45.578Z"""
"1e8760f4-cef1-4f13-998f-f5f054544fce","3f2ac51e-75c9-4997-900e-46422aa22459","invoice","726c400a-118f-4b3f-b0e9-0f67291badb3","created","Invoice created: INV-2025-913228",,"""2025-10-02T05:28:33.291Z"""
"1e8d62aa-da93-480f-99fd-b16fc9215953","3f2ac51e-75c9-4997-900e-46422aa22459","job","4569215c-07e7-4e4a-b579-70287ce64964","job_created","Direct order created: November 2025 Naomi Whittel Oversized Postcard",,"""2025-08-28T18:58:43.002Z"""
"21bcb5b8-2e5c-4932-989c-9513871a2fee","3f2ac51e-75c9-4997-900e-46422aa22459","invoice","9af7cc93-9de2-4eca-ae76-989b64f7b6fd","updated","Invoice updated: INV-2025-868848",,"""2025-10-08T21:50:05.565Z"""
"21cc50ff-a4c2-4de7-b342-295481d61882","3f2ac51e-75c9-4997-900e-46422aa22459","outgoing_po","dfd33da5-15e1-4d6b-b4fc-985bd907de9a","po_created","Purchase order PO-2025-314142 created for job J-2025-314062",,"""2025-09-16T14:01:54.197Z"""
"2372e289-b714-47e4-8412-dd82c4df6533","a503ede4-be89-4f7b-ba54-b31fc37c2f39","bradford_po","a64561a1-e8fb-4ab9-85a8-910820d5c085","created","Bradford PO 1227438 created and sent for job J-2025-889849",,"""2025-10-10T14:49:27.300Z"""
"248d7f59-bc8b-4b8c-aa32-9ebd40412a65","3f2ac51e-75c9-4997-900e-46422aa22459","invoice","9af7cc93-9de2-4eca-ae76-989b64f7b6fd","updated","Invoice updated: INV-2025-868848",,"""2025-10-13T10:56:58.257Z"""
"249064af-9d2e-482d-b07c-e2e270c8fb16","3f2ac51e-75c9-4997-900e-46422aa22459","job","0e03cec2-bb6a-45f5-8e22-9fcfd32ac41e","job_created","Direct order created: December 2025 Naomi Whittel Oversized Postcard",,"""2025-08-28T19:00:16.392Z"""
"24dccd97-d3b5-4265-95f9-bdec45088ba5","3f2ac51e-75c9-4997-900e-46422aa22459","job","63b5341d-813a-4e67-b1f0-466df38bd20f","job_updated","Job updated: Bissingers Chocolate Advent Postcard",,"""2025-09-15T19:40:35.861Z"""
"26f53f4f-215a-4db5-a50d-07cd2bf92dae","3f2ac51e-75c9-4997-900e-46422aa22459","job","7d296f45-b735-4b0e-b1f6-589840b4ba3c","job_created","Direct order created: Non-Life Product Mailing - Print + Mail (Sept 2025)",,"""2025-09-26T01:11:59.251Z"""
"29449ce5-ffce-4608-bdb6-128dccdca49c","a503ede4-be89-4f7b-ba54-b31fc37c2f39","invoice","c921178d-850a-468c-bf49-224a4a238083","deleted","Invoice deleted: INV-2025-182926",,"""2025-10-14T19:54:42.899Z"""
"29f75753-5c17-4275-9455-4c16e1ef0d76","3f2ac51e-75c9-4997-900e-46422aa22459","invoice","9af7cc93-9de2-4eca-ae76-989b64f7b6fd","created","Invoice INV-2025-868848 generated for completed order",,"""2025-10-06T17:31:08.924Z"""
"2a234442-9a06-43c3-89f4-c9cf71fe83a7","3f2ac51e-75c9-4997-900e-46422aa22459","invoice","b728cab3-327c-4293-9433-f012f4879b7f","emailed","Invoice INV-2025-854181 emailed to matt@ballantine.com",,"""2025-10-06T17:30:54.835Z"""
"2ac6f102-ba93-45c6-a346-338011c7c2f5","3f2ac51e-75c9-4997-900e-46422aa22459","proof","03d5d6a0-e402-4d63-a4fa-ac468ba88c1c","created","Proof uploaded from URL: www.dropbox.com",,"""2025-09-15T20:47:19.337Z"""
"2af92d2e-5fba-446e-b9d0-dffece1dbb9e","system","job","J-2025-186072","email_job_completed","Email success: job_completed to brandon@impactdirectprinting.com, brandon@innovateflow.co, steve.gustafson@bgeltd.com","{""emailEvent"":{""type"":""job_completed"",""status"":""success"",""subject"":""ðŸ“Ž File Upload: PO#test order 524542242454242 - DATA"",""timestamp"":""2025-10-09T17:00:30.607Z"",""recipients"":[""brandon@impactdirectprinting.com"",""brandon@innovateflow.co"",""steve.gustafson@bgeltd.com""]}}","""2025-10-09T17:00:30.940Z"""
"2afe1b87-7617-4ba2-a9b7-ae82ee894233","3f2ac51e-75c9-4997-900e-46422aa22459","job","573e9aad-0c7c-408b-ab7b-f28fc2d20b11","file_uploaded","po file ""CE.Halloween.2025.6x9.postcard.8.25.25 (1).pdf"" uploaded",,"""2025-09-25T15:41:05.578Z"""
"2b2a8a7c-e18e-445d-b846-94c3278da2ae","3f2ac51e-75c9-4997-900e-46422aa22459","job","573e9aad-0c7c-408b-ab7b-f28fc2d20b11","file_deleted","File ""CE.Halloween.2025.6x9.postcard.8.25.25 (1).pdf"" deleted",,"""2025-09-25T16:52:44.131Z"""
"2c8aacc4-e9bf-4beb-9c4c-c55415cb219a","3f2ac51e-75c9-4997-900e-46422aa22459","job","c10603b3-fc63-4da7-ab2c-ffed61f3a21b","completed_without_pickup","Job marked complete without pickup - Invoice INV-2025-868848 sent","{""invoiceId"":""9af7cc93-9de2-4eca-ae76-989b64f7b6fd"",""invoiceNumber"":""INV-2025-868848""}","""2025-10-06T17:31:09.563Z"""
"2cc641e0-0f19-49bc-ab8e-acebbf4c08f5","3f2ac51e-75c9-4997-900e-46422aa22459","invoice","e66b7a3e-1021-44c1-90f5-c4a837805a6d","updated","Invoice updated: INV-2025-795600",,"""2025-10-13T11:11:44.728Z"""
"2cdc15fa-25d0-4896-924f-4938a10d5496","system","job","J-2025-889849","email_sample_tracking","Email success: sample_tracking to lorie@jjsainc.com, nick@jdgraphic.com, brandon@innovateflow.co, steve.gustafson@bgeltd.com","{""emailEvent"":{""type"":""sample_tracking"",""status"":""success"",""subject"":""Job Updated - J-2025-889849"",""timestamp"":""2025-09-30T22:49:15.602Z"",""recipients"":[""lorie@jjsainc.com"",""nick@jdgraphic.com"",""brandon@innovateflow.co"",""steve.gustafson@bgeltd.com""]}}","""2025-09-30T22:49:16.022Z"""
"2ce1fa4f-d12f-45af-ba38-ee9d86211d52","a503ede4-be89-4f7b-ba54-b31fc37c2f39","outgoing_po","0e727d9e-98d8-45a5-8dcf-58af10dbf020","deleted","Outgoing PO deleted",,"""2025-10-09T20:23:30.978Z"""
"2dd3f357-3f50-4b12-b168-8a3b2315c7c8","3f2ac51e-75c9-4997-900e-46422aa22459","proof","44f15027-cc39-4e46-8b23-9dc83110202e","created","Proof uploaded from URL: www.dropbox.com",,"""2025-09-24T17:22:33.363Z"""
"2eea23bf-fb76-4cef-9a0e-764d78aed1f9","a717bcf8-6395-4cdf-8131-fdabb222541e","job","023e2324-d7ed-4d81-96c0-169866b6dbf5","job_created","Direct order created: Naomi Whittel Oversized Postcard December",,"""2025-08-28T18:49:56.297Z"""
"307a456c-a4ee-46cf-93cc-78c70d2095e1","a503ede4-be89-4f7b-ba54-b31fc37c2f39","bradford_po","f6d8346e-48fb-4e82-a169-05c5c5f61959","created","Bradford PO 1227439 created and sent for job J-2025-401034",,"""2025-10-10T15:04:03.752Z"""
"3108ee3c-0d82-4693-bb52-2c4ed542360f","3f2ac51e-75c9-4997-900e-46422aa22459","proof","d2d99fbd-aadf-4d82-a556-a3df8d06713f","created","Proof link added from www.dropbox.com",,"""2025-10-07T20:02:58.350Z"""
"3123e468-c345-4c8e-8b87-6c71cf9cd0e9","3f2ac51e-75c9-4997-900e-46422aa22459","job","c8cb42a2-1259-4f4d-bdda-fb41e0b343ec","job_created","Direct order created: Neuro Selfmailer - Print + Mail",,"""2025-10-06T17:10:46.253Z"""
"3240979e-98fb-4492-88eb-773c344d1169","3f2ac51e-75c9-4997-900e-46422aa22459","job","4569215c-07e7-4e4a-b579-70287ce64964","job_updated","Job updated: November 2025 Naomi Whittel Oversized Postcard",,"""2025-09-24T17:16:25.991Z"""
"32fa991d-61ed-4979-b78c-09befd5bddf2","3f2ac51e-75c9-4997-900e-46422aa22459","job","aad6456a-50f2-4c89-b659-46d521dfcc5e","job_deleted","Job deleted: October 2025 Naomi Whittel Oversized Postcard",,"""2025-08-28T21:47:48.122Z"""
"330af36a-0a49-42a4-921a-ab4936ca3473","a503ede4-be89-4f7b-ba54-b31fc37c2f39","bradford_po","c6f1fdbe-093d-4d07-b455-7df6f95e7742","created","Bradford PO 1227429 created and sent for job J-2025-704908",,"""2025-10-08T17:10:56.192Z"""
"33550b7f-541e-4694-ba76-8e38dd183ee5","3f2ac51e-75c9-4997-900e-46422aa22459","job","61dc5bec-f3ca-4745-86f7-05c2e739f731","job_created","Direct order created: Special Education Selfmailer - Print + Mail (LRDIS-52)",,"""2025-09-16T14:00:24.011Z"""
"34dd53da-31e4-45f2-9143-3e45e796b1a3","a503ede4-be89-4f7b-ba54-b31fc37c2f39","bradford_po","507e125a-f330-497d-87db-6ebcb68fb5b4","created","Bradford PO 1227428 created and sent for job J-2025-121928",,"""2025-10-08T16:09:00.767Z"""
"353cfe14-774a-4829-80f9-fe9c960f2d99","3f2ac51e-75c9-4997-900e-46422aa22459","outgoing_po","6c010c60-aa61-4a01-8aa9-1c259074e7e0","po_created","Purchase order PO-2025-224025 created for job J-2025-223952",,"""2025-09-16T14:00:24.076Z"""
"354279e9-d139-4a5a-946b-d9f2c0e3092e","3f2ac51e-75c9-4997-900e-46422aa22459","job","b7456eb0-1296-40c9-a60d-1d37422e66f2","job_updated","Job updated: October Naomi Whittel Oversized Postcard - Status changed from ""ready_for_proof"" to ""completed""",,"""2025-09-30T22:50:04.669Z"""
"36a73796-7cc7-4cc7-bed9-36478d5f5eca","system","invoice","INV-2025-534680","email_invoice_sent","Email success: invoice_sent to lorie@jjsainc.com, Brandon@impactdirectprinting.com, brandon@innovateflow.co","{""emailEvent"":{""type"":""invoice_sent"",""status"":""success"",""subject"":""Invoice INV-2025-534680 - Christopher Elbow Halloween 2025 Postcard"",""jobNumber"":""J-2025-889849"",""timestamp"":""2025-09-30T22:49:05.257Z"",""recipients"":[""lorie@jjsainc.com"",""Brandon@impactdirectprinting.com"",""brandon@innovateflow.co""],""invoiceNumber"":""INV-2025-534680""}}","""2025-09-30T22:49:05.282Z"""
"3715bd8c-017f-4dd4-898b-bde205958a4a","aa1c746b-bee6-448c-9112-cf6f8531da6e","job","07e366e7-a763-40c1-8159-c967ac8990aa","files_submitted","All files submitted for production (2 files)",,"""2025-10-09T17:00:44.252Z"""
"37ed3c00-5186-4f6a-9649-c6e9b3b6ea80","system","job","J-2025-186072","email_files_submitted","Email success: files_submitted to prepress@jdgraphic.com","{""emailEvent"":{""type"":""files_submitted"",""status"":""success"",""subject"":""Files Ready for Production - Job J-2025-186072"",""timestamp"":""2025-10-09T17:00:44.265Z"",""recipients"":[""prepress@jdgraphic.com""]}}","""2025-10-09T17:00:44.542Z"""
"3887a831-6d2b-41c4-aa0a-d89bb3e6e8ba","3f2ac51e-75c9-4997-900e-46422aa22459","invoice","e66b7a3e-1021-44c1-90f5-c4a837805a6d","invoice_sent","Invoice INV-2025-795600 sent to matt@ballantine.com, Brandon@impactdirectprinting.com, brandon@innovateflow.co",,"""2025-09-30T22:20:20.942Z"""
"38c4a57d-d99a-42f7-94ea-27ea5bb38946","3f2ac51e-75c9-4997-900e-46422aa22459","job","ad90b3e1-b34a-4764-957a-6aed15b3de28","file_uploaded","artwork file ""R3966-INS-F25.pdf"" uploaded",,"""2025-10-09T17:33:27.436Z"""
"394dff64-9f1b-4a5f-a631-bdce8fbb2293","3f2ac51e-75c9-4997-900e-46422aa22459","job","4569215c-07e7-4e4a-b579-70287ce64964","file_uploaded","data file ""NaomiWhittel_November.zip"" uploaded",,"""2025-10-06T20:10:02.579Z"""
"3b74ba27-4eca-4b27-a003-1738e574572c","a503ede4-be89-4f7b-ba54-b31fc37c2f39","bradford_po","43b2fa8f-1bae-414f-947a-271e5370dca7","deleted","Bradford PO deleted",,"""2025-10-07T21:39:32.300Z"""
"3c7d249d-e67f-4cde-98a6-b8cf3c0799d5","3f2ac51e-75c9-4997-900e-46422aa22459","job","7d296f45-b735-4b0e-b1f6-589840b4ba3c","job_updated","Job updated: Non-Life Product Mailing - Print + Mail (Sept 2025) - Status changed from ""pending"" to ""completed""",,"""2025-09-30T22:47:48.257Z"""
"3d5fff6e-1a72-4542-8423-3b6fa4bb3f27","a503ede4-be89-4f7b-ba54-b31fc37c2f39","bradford_po","9bf493c1-716f-4135-9162-ad1eb1c9937a","created","Bradford PO 1227422 created and sent for job J-2025-646183",,"""2025-10-08T14:28:43.727Z"""
"3d6f49ea-ec1d-4ab4-bf36-ffaaa0e893ca","3f2ac51e-75c9-4997-900e-46422aa22459","job","c6d7f5a3-d033-4869-92dd-212965f2b6ee","job_updated","Job updated: Cherry Republic Lansing, MI Postcard - Status changed from ""ready_for_proof"" to ""completed""",,"""2025-10-13T14:11:57.246Z"""
"3e663b0c-fba8-4718-97d0-fffe79f3bcf0","3f2ac51e-75c9-4997-900e-46422aa22459","job","573e9aad-0c7c-408b-ab7b-f28fc2d20b11","job_updated","Job updated: Christopher Elbow Halloween 2025 Postcard",,"""2025-09-12T16:03:40.918Z"""
"3ecef991-8a86-4213-8192-269c2f79a18b","3f2ac51e-75c9-4997-900e-46422aa22459","job","c10603b3-fc63-4da7-ab2c-ffed61f3a21b","job_created","Direct order created: Method Selfmailer - Print + Mail",,"""2025-10-06T17:09:34.899Z"""
"3ef390bf-f50a-46fc-bc3f-adb0d80605d2","system","job","J-2025-522931","email_job_completed","Email success: job_completed to lorie@jjsainc.com, brandon@innovateflow.co, steve.gustafson@bgeltd.com","{""emailEvent"":{""type"":""job_completed"",""status"":""success"",""subject"":""ðŸ“Ž File Upload: PO#44172 - ARTWORK"",""timestamp"":""2025-10-07T17:16:44.076Z"",""recipients"":[""lorie@jjsainc.com"",""brandon@innovateflow.co"",""steve.gustafson@bgeltd.com""]}}","""2025-10-07T17:16:44.471Z"""
"3f42ea19-1645-4f00-b363-8149525f83cc","5871a0c4-e0df-4b5d-9912-5a33aaa369de","job","J-2025-479773","email_order_confirmation","Email sent: order_confirmation to nick@starterboxstudios.com, Brandon@impactdirectprinting.com, brandon@innovateflow.co, steve.gustafson@bgeltd.com","{""emailEvent"":{""type"":""order_confirmation"",""status"":""sent"",""subject"":""Order Confirmation - J-2025-479773"",""timestamp"":""2025-09-26T16:51:20.480Z"",""recipients"":[""nick@starterboxstudios.com"",""Brandon@impactdirectprinting.com"",""brandon@innovateflow.co"",""steve.gustafson@bgeltd.com""]}}","""2025-09-26T16:51:20.498Z"""
"3f5358d8-e6ef-4a50-b18b-caa1ce71fcc9","system","job","J-2025-186072","email_job_completed","Email success: job_completed to brandon@impactdirectprinting.com, brandon@innovateflow.co, steve.gustafson@bgeltd.com","{""emailEvent"":{""type"":""job_completed"",""status"":""success"",""subject"":""ðŸ“Ž File Upload: PO#test order 524542242454242 - ARTWORK"",""timestamp"":""2025-10-09T17:00:06.550Z"",""recipients"":[""brandon@impactdirectprinting.com"",""brandon@innovateflow.co"",""steve.gustafson@bgeltd.com""]}}","""2025-10-09T17:00:07.006Z"""
"3f5aa3fb-dff0-42ca-8e10-22d60176de27","3f2ac51e-75c9-4997-900e-46422aa22459","job","158dc932-f147-4b35-a47d-5b4af51300bf","completed_without_pickup","Job marked complete without pickup - Invoice INV-2025-879603 sent","{""invoiceId"":""ad17ef1c-d583-4148-9358-bd36277693fa"",""invoiceNumber"":""INV-2025-879603""}","""2025-10-06T17:31:20.077Z"""
"3fabc942-0afc-4c15-a0ed-cd8f1997f405","3f2ac51e-75c9-4997-900e-46422aa22459","job","ad90b3e1-b34a-4764-957a-6aed15b3de28","files_submitted","All files submitted for production (7 files)",,"""2025-10-09T17:37:01.443Z"""
"400a668a-b871-4f91-81a0-27b6eddd1b7d","3f2ac51e-75c9-4997-900e-46422aa22459","job","63b5341d-813a-4e67-b1f0-466df38bd20f","sample_shipment_created","Sample shipment created for Carol Wisley",,"""2025-09-23T15:20:54.791Z"""
"40435eec-a08f-4c0b-b396-e7e63e06625f","system","job","J-2025-642385","email_job_completed","Email success: job_completed to lorie@jjsainc.com, brandon@innovateflow.co, steve.gustafson@bgeltd.com","{""emailEvent"":{""type"":""job_completed"",""status"":""success"",""subject"":""ðŸ“Ž File Upload: PO#44277 - ARTWORK"",""timestamp"":""2025-10-09T17:33:23.065Z"",""recipients"":[""lorie@jjsainc.com"",""brandon@innovateflow.co"",""steve.gustafson@bgeltd.com""]}}","""2025-10-09T17:33:23.362Z"""
"40631f43-90b5-4013-b720-e105f0ac5db9","system","job","J-2025-642385","email_job_completed","Email success: job_completed to lorie@jjsainc.com, brandon@innovateflow.co, steve.gustafson@bgeltd.com","{""emailEvent"":{""type"":""job_completed"",""status"":""success"",""subject"":""ðŸ“Ž File Upload: PO#44277 - ARTWORK"",""timestamp"":""2025-10-09T17:33:27.451Z"",""recipients"":[""lorie@jjsainc.com"",""brandon@innovateflow.co"",""steve.gustafson@bgeltd.com""]}}","""2025-10-09T17:33:27.518Z"""
"40f4196c-e75d-4be6-97ea-9dab5f153a7b","a503ede4-be89-4f7b-ba54-b31fc37c2f39","invoice","96ae988f-541b-47f9-afae-c04bfe5e91a6","bradford_created","Bradford invoice BRD-1001-006 sent to Impact for job J-2025-616333",,"""2025-10-14T19:54:17.771Z"""
"42c00d30-84d0-43ac-9e09-905aee6e8c8a","3f2ac51e-75c9-4997-900e-46422aa22459","job","4569215c-07e7-4e4a-b579-70287ce64964","file_uploaded","data file ""NCOA.zip"" uploaded",,"""2025-10-06T20:10:03.475Z"""
"42dda351-c17f-460e-a8dc-b33b9e746343","3f2ac51e-75c9-4997-900e-46422aa22459","job","4ce6d748-2c57-4591-bcb3-0c111a54cced","completed_without_pickup","Job marked complete without pickup - Invoice INV-2025-861798 sent","{""invoiceId"":""8c6829e6-dc8e-42e3-a374-e3bb86fcae2c"",""invoiceNumber"":""INV-2025-861798""}","""2025-10-06T17:31:02.524Z"""
"4429d674-760d-4b42-a9c9-b3d94eeb899e","3f2ac51e-75c9-4997-900e-46422aa22459","invoice","8c6829e6-dc8e-42e3-a374-e3bb86fcae2c","updated","Invoice updated: INV-2025-861798",,"""2025-10-13T10:56:49.496Z"""
"4698dddc-54d8-4314-8523-f86d61ff9240","system","job","J-2025-704908","email_proof_ready","Email success: proof_ready to LORIE@JJSAINC.COM, brandon@innovateflow.co, steve.gustafson@bgeltd.com","{""emailEvent"":{""type"":""proof_ready"",""status"":""success"",""subject"":""Proof Ready for Review - J-2025-704908"",""timestamp"":""2025-10-03T16:25:53.958Z"",""recipients"":[""LORIE@JJSAINC.COM"",""brandon@innovateflow.co"",""steve.gustafson@bgeltd.com""]}}","""2025-10-03T16:25:54.445Z"""
"46b8134f-116b-4667-a2e9-c1624f984890","80c0c4f7-1e9e-483d-ae4a-d22a385bfdab","job","J-2025-401034","email_order_confirmation","Email success: order_confirmation to lorie@jjsainc.com, brandon@innovateflow.co, steve.gustafson@bgeltd.com","{""emailEvent"":{""type"":""order_confirmation"",""status"":""success"",""subject"":""Order Confirmation - J-2025-401034"",""timestamp"":""2025-10-03T16:03:21.168Z"",""recipients"":[""lorie@jjsainc.com"",""brandon@innovateflow.co"",""steve.gustafson@bgeltd.com""]}}","""2025-10-03T16:03:21.651Z"""
"48c8c6ab-577c-46e1-a791-b33ed0e79647","system","job","J-2025-642385","email_job_completed","Email success: job_completed to lorie@jjsainc.com, brandon@innovateflow.co, steve.gustafson@bgeltd.com","{""emailEvent"":{""type"":""job_completed"",""status"":""success"",""subject"":""ðŸ“Ž File Upload: PO#44277 - ARTWORK"",""timestamp"":""2025-10-09T17:33:25.480Z"",""recipients"":[""lorie@jjsainc.com"",""brandon@innovateflow.co"",""steve.gustafson@bgeltd.com""]}}","""2025-10-09T17:33:25.554Z"""
"49f26d4d-670d-4a0b-ae62-7ee49fd0bac6","3f2ac51e-75c9-4997-900e-46422aa22459","invoice","cc1ffad1-945b-47b7-b6aa-05b5247f0802","created","Invoice generated for job J-2025-653930",,"""2025-09-30T22:49:42.681Z"""
"4c822c8e-1251-46fe-b624-7dabfae34a36","a503ede4-be89-4f7b-ba54-b31fc37c2f39","bradford_po","2d611ec6-f000-4772-992d-4b5bb2d1a3d1","created","Bradford PO 1227419 created and sent for job J-2025-314062",,"""2025-10-07T21:40:18.431Z"""
"4cf3fee5-3066-4e5c-8c7c-8d5e62141a15","3f2ac51e-75c9-4997-900e-46422aa22459","job","5871a0c4-e0df-4b5d-9912-5a33aaa369de","job_created","Direct order created: Test ",,"""2025-09-26T16:51:19.845Z"""
"4e84d696-d7ab-4574-8216-4f8a019ed33a","3f2ac51e-75c9-4997-900e-46422aa22459","invoice","597779e0-3336-484a-bd15-0a0a3bfb1c75","created","Invoice generated for job J-2025-889849",,"""2025-09-30T22:48:54.741Z"""
"4fa3ff0b-5053-4b0f-b113-f79862aba93a","a503ede4-be89-4f7b-ba54-b31fc37c2f39","outgoing_po","7a772b62-e5d0-4c09-8ddc-93f065336f6b","deleted","Outgoing PO deleted",,"""2025-10-10T06:07:33.814Z"""
"51d287ee-6109-42da-a538-6aab317b7450","a503ede4-be89-4f7b-ba54-b31fc37c2f39","bradford_po","830d0e50-5034-4bd5-a8d7-d73a496bf39c","created","Bradford PO 1227409 created and sent for job J-2025-119173",,"""2025-10-07T20:20:56.585Z"""
"52461c03-0c5e-44d1-a255-59259ac55856","a503ede4-be89-4f7b-ba54-b31fc37c2f39","bradford_po","62f74a64-6c83-4904-8e44-6b6c326fa703","created","Bradford PO 1227427 created and sent for job J-2025-223952",,"""2025-10-08T16:06:18.748Z"""
"52e8729f-bec9-4941-a123-bca02a3ee48f","system","system","jobs-report","email_jobs_report","Email success: jobs_report to brandon@innovateflow.co, steve.gustafson@bgeltd.com, nick@starterboxstudios.com","{""emailEvent"":{""type"":""jobs_report"",""status"":""success"",""subject"":""Jobs Report - 10/14/2025"",""timestamp"":""2025-10-14T17:58:46.606Z"",""recipients"":[""brandon@innovateflow.co"",""steve.gustafson@bgeltd.com"",""nick@starterboxstudios.com""]}}","""2025-10-14T17:58:47.028Z"""
"536089e8-1bfe-43eb-bb92-2646a7079e4a","a503ede4-be89-4f7b-ba54-b31fc37c2f39","bradford_po","75570e69-80c4-4c5c-bbe0-43824b6000f7","deleted","Bradford PO deleted",,"""2025-10-08T14:28:13.388Z"""
"54869874-2418-45d9-a31f-254218c0e6d6","3f2ac51e-75c9-4997-900e-46422aa22459","invoice","b728cab3-327c-4293-9433-f012f4879b7f","updated","Invoice updated: INV-2025-854181",,"""2025-10-13T11:00:14.944Z"""
"5494f357-a24a-4d5c-99a1-549dc966cd8c","system","invoice","INV-2025-931061","email_invoice_sent","Email success: invoice_sent to steve.gustafson@bgeltd.com, Brandon@impactdirectprinting.com, brandon@innovateflow.co","{""emailEvent"":{""type"":""invoice_sent"",""status"":""success"",""subject"":""Invoice INV-2025-931061 - PSALC Selfmailer - Print + Mail"",""jobNumber"":""J-2025-314062"",""timestamp"":""2025-10-14T19:59:39.874Z"",""recipients"":[""steve.gustafson@bgeltd.com"",""Brandon@impactdirectprinting.com"",""brandon@innovateflow.co""],""invoiceNumber"":""INV-2025-931061""}}","""2025-10-14T19:59:39.894Z"""
"54c4ede0-be16-44c3-a3e6-93dde46b6039","a503ede4-be89-4f7b-ba54-b31fc37c2f39","bradford_po","ed4a7eaf-d3a8-4d1e-85a6-3be789f4fc0e","created","Bradford PO 1227437 created and sent for job J-2025-616333",,"""2025-10-10T14:50:25.094Z"""
"562f899e-2ade-402f-ac83-b75d848250aa","system","system","jobs-report","email_jobs_report","Email success: jobs_report to brandon@innovateflow.co, steve.gustafson@bgeltd.com, nick@starterboxstudios.com","{""emailEvent"":{""type"":""jobs_report"",""status"":""success"",""subject"":""Jobs Report - 10/14/2025"",""timestamp"":""2025-10-14T13:08:54.988Z"",""recipients"":[""brandon@innovateflow.co"",""steve.gustafson@bgeltd.com"",""nick@starterboxstudios.com""]}}","""2025-10-14T13:08:55.438Z"""
"5666d88c-d429-4675-833f-87287fe3ceeb","3f2ac51e-75c9-4997-900e-46422aa22459","invoice","ad17ef1c-d583-4148-9358-bd36277693fa","emailed","Invoice INV-2025-879603 emailed to matt@ballantine.com",,"""2025-10-06T17:31:19.990Z"""
"57597941-98ef-4828-b082-092ed338fb69","system","invoice","INV-2025-868848","email_invoice_sent","Email success: invoice_sent to matt@ballantine.com","{""emailEvent"":{""type"":""invoice_sent"",""status"":""success"",""subject"":""ðŸ“„ PO#34412.51200.33 - Invoice INV-2025-868848 - Method Selfmailer - Print + Mail"",""jobNumber"":""J-2025-574827"",""timestamp"":""2025-10-06T17:31:09.405Z"",""recipients"":[""matt@ballantine.com""],""invoiceNumber"":""INV-2025-868848"",""customerPoNumber"":""34412.51200.33""}}","""2025-10-06T17:31:09.430Z"""
"57f55c7d-09ee-4efa-80ff-c8853deab645","3f2ac51e-75c9-4997-900e-46422aa22459","invoice","ad17ef1c-d583-4148-9358-bd36277693fa","updated","Invoice updated: INV-2025-879603",,"""2025-10-13T15:05:25.978Z"""
"5989dcb1-ac31-41fb-bdd2-31a08b778c35","3f2ac51e-75c9-4997-900e-46422aa22459","invoice","e66b7a3e-1021-44c1-90f5-c4a837805a6d","created","Invoice generated for job J-2025-119173",,"""2025-09-30T22:19:55.660Z"""
"59e16277-c175-46ea-9eed-43fd2d1ddc36","3f2ac51e-75c9-4997-900e-46422aa22459","outgoing_po","36fff9be-b72f-4b0b-ba14-6af4c64d6cf8","po_created","Purchase order PO-2025-216216 created for job J-2025-216133",,"""2025-09-26T01:13:36.269Z"""
"5a10145e-f677-4aac-8feb-3b0564c82b0f","3f2ac51e-75c9-4997-900e-46422aa22459","job","c8cb42a2-1259-4f4d-bdda-fb41e0b343ec","completed_without_pickup","Job marked complete without pickup - Invoice INV-2025-874193 sent","{""invoiceId"":""a6d4138a-3bd6-498b-9f76-25184e1e2ef0"",""invoiceNumber"":""INV-2025-874193""}","""2025-10-06T17:31:14.523Z"""
"5a7e6185-0bc5-4444-8809-86a274021bdc","3f2ac51e-75c9-4997-900e-46422aa22459","job","573e9aad-0c7c-408b-ab7b-f28fc2d20b11","job_updated","Job updated: Christopher Elbow Halloween 2025 Postcard",,"""2025-09-10T16:10:18.915Z"""
"5b663170-83b5-4492-aec6-0c18eebf9358","system","job","J-2025-522931","email_job_completed","Email success: job_completed to lorie@jjsainc.com, brandon@innovateflow.co, steve.gustafson@bgeltd.com","{""emailEvent"":{""type"":""job_completed"",""status"":""success"",""subject"":""ðŸ“Ž File Upload: PO#44172 - DATA"",""timestamp"":""2025-10-06T20:12:20.856Z"",""recipients"":[""lorie@jjsainc.com"",""brandon@innovateflow.co"",""steve.gustafson@bgeltd.com""]}}","""2025-10-06T20:12:21.223Z"""
"5b66e7cd-1f2d-4ea7-9fe0-4bca1dfcaea5","3f2ac51e-75c9-4997-900e-46422aa22459","invoice","997be306-96ad-4859-9884-f0bc223069a4","created","Invoice generated for job J-2025-216133",,"""2025-09-30T22:38:38.496Z"""
"5ca4703d-da7c-4221-856b-05a0c35dead5","system","job","J-2025-642385","email_files_submitted","Email success: files_submitted to prepress@jdgraphic.com","{""emailEvent"":{""type"":""files_submitted"",""status"":""success"",""subject"":""Files Ready for Production - Job J-2025-642385"",""timestamp"":""2025-10-09T17:37:01.470Z"",""recipients"":[""prepress@jdgraphic.com""]}}","""2025-10-09T17:37:01.917Z"""
"5d122466-8bfa-4910-b3d1-7f1db34a5fa3","a717bcf8-6395-4cdf-8131-fdabb222541e","job","4569215c-07e7-4e4a-b579-70287ce64964","file_uploaded","artwork file ""NW-101625-YEAREND25 R8.pdf"" uploaded",,"""2025-10-07T17:16:44.038Z"""
"5eb7fd16-afe9-4b85-931e-59885e4b0f9c","3f2ac51e-75c9-4997-900e-46422aa22459","invoice","a6d4138a-3bd6-498b-9f76-25184e1e2ef0","updated","Invoice updated: INV-2025-874193",,"""2025-10-13T10:57:06.993Z"""
"5ee729a0-60c4-43af-b113-6f2c4cbd37e7","3f2ac51e-75c9-4997-900e-46422aa22459","invoice","997be306-96ad-4859-9884-f0bc223069a4","updated","Invoice updated: INV-2025-918433",,"""2025-10-13T11:01:44.966Z"""
"6139ee96-8e4a-4493-8298-c04145f3588a","3f2ac51e-75c9-4997-900e-46422aa22459","job","ad90b3e1-b34a-4764-957a-6aed15b3de28","file_uploaded","artwork file ""R6260-INS-F25.pdf"" uploaded",,"""2025-10-09T17:33:29.594Z"""
"61dda247-f2ab-46ca-b2bb-9e94b9eb3687","3f2ac51e-75c9-4997-900e-46422aa22459","job","63b5341d-813a-4e67-b1f0-466df38bd20f","job_updated","Job updated: Bissingers Chocolate Advent Postcard",,"""2025-08-27T20:21:20.558Z"""
"6375aef4-a0b4-44fa-ae93-c083cc095a40","a503ede4-be89-4f7b-ba54-b31fc37c2f39","bradford_po","4a9cdd3d-410d-494f-a8bf-6b36903fb9a4","created","Bradford PO 1227424 created and sent for job J-2025-574827",,"""2025-10-08T16:10:02.212Z"""
"64b44399-d052-4d5e-997e-37a7b857beef","3f2ac51e-75c9-4997-900e-46422aa22459","invoice","b728cab3-327c-4293-9433-f012f4879b7f","created","Invoice INV-2025-854181 generated for completed order",,"""2025-10-06T17:30:54.266Z"""
"64db6e10-bea8-4007-afaa-59b3ebabcc6e","3f2ac51e-75c9-4997-900e-46422aa22459","job","573e9aad-0c7c-408b-ab7b-f28fc2d20b11","job_updated","Job updated: Christopher Elbow Halloween 2025 Postcard - Status changed from ""ready_for_proof"" to ""completed""",,"""2025-09-30T22:49:16.053Z"""
"657ac71c-3904-4141-9152-2a4b5d9c05b2","aa1c746b-bee6-448c-9112-cf6f8531da6e","job","07e366e7-a763-40c1-8159-c967ac8990aa","job_created","Direct order created: testing order 2453523452",,"""2025-10-09T16:59:46.139Z"""
"668ef9b7-d844-43e6-aeb1-e8757068bc78","3f2ac51e-75c9-4997-900e-46422aa22459","job","ad90b3e1-b34a-4764-957a-6aed15b3de28","file_uploaded","artwork file ""R2568-INS-F25.pdf"" uploaded",,"""2025-10-09T17:33:26.391Z"""
"688f0af8-bd12-4003-8d18-3caf14d86846","a503ede4-be89-4f7b-ba54-b31fc37c2f39","bradford_po","80ee814d-e262-4bf3-be3d-db5b1b9d9915","created","Bradford PO 1227440 created and sent for job J-2025-642385",,"""2025-10-13T15:09:37.200Z"""
"68b040fb-260e-41f8-b8cd-4eb44fc4ca39","a503ede4-be89-4f7b-ba54-b31fc37c2f39","bradford_po","9bf493c1-716f-4135-9162-ad1eb1c9937a","updated","Bradford PO updated",,"""2025-10-14T20:54:48.074Z"""
"6aadbf16-aab5-407b-a99c-0b099f8bb428","system","system","jobs-report","email_jobs_report","Email success: jobs_report to brandon@innovateflow.co, steve.gustafson@bgeltd.com, nick@starterboxstudios.com","{""emailEvent"":{""type"":""jobs_report"",""status"":""success"",""subject"":""Bradford Financial Report - 10/14/2025"",""timestamp"":""2025-10-14T19:55:53.617Z"",""recipients"":[""brandon@innovateflow.co"",""steve.gustafson@bgeltd.com"",""nick@starterboxstudios.com""]}}","""2025-10-14T19:55:53.917Z"""
"6b54be91-ff2c-4a80-a3c5-60a450126fb7","3af3b8f5-aec0-4340-8717-f130ddabeb58","job","573e9aad-0c7c-408b-ab7b-f28fc2d20b11","job_created","Direct order created: Christopher Elbow Halloween 2025 Postcard",,"""2025-08-25T19:24:49.917Z"""
"6beb9287-1976-453b-8459-59b4c75ddb99","a503ede4-be89-4f7b-ba54-b31fc37c2f39","bradford_po","bf0abbf0-272d-49ec-aa87-fe89bdd8d864","created","Bradford PO 1227425 created and sent for job J-2025-496013",,"""2025-10-08T15:58:25.952Z"""
"6bf42126-4929-4ee7-baf5-b413ebc07a63","a503ede4-be89-4f7b-ba54-b31fc37c2f39","invoice","e09805de-f0e0-4bd4-bcaf-c4ab79baddf8","bradford_created","Bradford invoice BRD-1001-007 sent to Impact for job J-2025-522931",,"""2025-10-14T19:54:27.488Z"""
"6c2bc3b7-97a7-4e9f-8b2d-7e27e4410226","system","job","J-2025-522757","email_files_submitted","Email success: files_submitted to prepress@jdgraphic.com","{""emailEvent"":{""type"":""files_submitted"",""status"":""success"",""subject"":""Files Ready for Production - Job J-2025-522757"",""timestamp"":""2025-10-09T15:44:39.033Z"",""recipients"":[""prepress@jdgraphic.com""]}}","""2025-10-09T15:44:39.292Z"""
"6c6d03c9-bbd2-4d4f-af7f-0c931363f659","system","invoice","INV-2025-863122","email_invoice_sent","Email success: invoice_sent to LORIE@JJSAINC.COM","{""emailEvent"":{""type"":""invoice_sent"",""status"":""success"",""subject"":""Invoice INV-2025-863122 - Cherry Republic Lansing, MI Postcard"",""jobNumber"":""J-2025-704908"",""timestamp"":""2025-10-13T13:57:52.298Z"",""recipients"":[""LORIE@JJSAINC.COM""],""invoiceNumber"":""INV-2025-863122""}}","""2025-10-13T13:57:52.318Z"""
"6d56694a-3f0b-4a20-84d3-f5018a19c154","3f2ac51e-75c9-4997-900e-46422aa22459","job","63b5341d-813a-4e67-b1f0-466df38bd20f","job_updated","Job updated: Bissingers Chocolate Advent Postcard",,"""2025-09-23T15:18:36.711Z"""
"6e15ac71-73d2-42ef-abe4-258bbe6baf4f","3f2ac51e-75c9-4997-900e-46422aa22459","job","4569215c-07e7-4e4a-b579-70287ce64964","job_updated","Job updated: November 2025 Naomi Whittel Oversized Postcard",,"""2025-09-24T17:15:31.008Z"""
"6e7ff1ba-e9e5-4fb0-931c-522550d723f4","c10603b3-fc63-4da7-ab2c-ffed61f3a21b","job","J-2025-574827","email_order_confirmation","Email success: order_confirmation to matt@ballantine.com, brandon@innovateflow.co, steve.gustafson@bgeltd.com","{""emailEvent"":{""type"":""order_confirmation"",""status"":""success"",""subject"":""Order Confirmation - J-2025-574827"",""timestamp"":""2025-10-06T17:09:34.959Z"",""recipients"":[""matt@ballantine.com"",""brandon@innovateflow.co"",""steve.gustafson@bgeltd.com""]}}","""2025-10-06T17:09:35.203Z"""
"6f56b4e1-edb8-4d73-806d-93d28e3002bb","system","job","J-2025-642385","email_job_completed","Email success: job_completed to lorie@jjsainc.com, brandon@innovateflow.co, steve.gustafson@bgeltd.com","{""emailEvent"":{""type"":""job_completed"",""status"":""success"",""subject"":""ðŸ“Ž File Upload: PO#44277 - ARTWORK"",""timestamp"":""2025-10-09T17:33:24.584Z"",""recipients"":[""lorie@jjsainc.com"",""brandon@innovateflow.co"",""steve.gustafson@bgeltd.com""]}}","""2025-10-09T17:33:24.654Z"""
"70326a9a-6a7f-4c67-ad58-a4f883aab7f2","3f2ac51e-75c9-4997-900e-46422aa22459","invoice","8c6829e6-dc8e-42e3-a374-e3bb86fcae2c","created","Invoice INV-2025-861798 generated for completed order",,"""2025-10-06T17:31:01.869Z"""
"707bc18b-0fe8-4ca6-aee5-50ffdc965d78","3af3b8f5-aec0-4340-8717-f130ddabeb58","job","63b5341d-813a-4e67-b1f0-466df38bd20f","job_created","Direct order created: Bissingers Chocolate Advent Postcard",,"""2025-08-25T18:46:59.382Z"""
"70b514ee-0689-49fb-91d8-5819d6174d35","3f2ac51e-75c9-4997-900e-46422aa22459","job","573e9aad-0c7c-408b-ab7b-f28fc2d20b11","job_updated","Job updated: Christopher Elbow Halloween 2025 Postcard",,"""2025-09-30T22:50:22.902Z"""
"72d1ce00-38f4-42dc-9cfe-227fe127ac8d","3f2ac51e-75c9-4997-900e-46422aa22459","job","0c1c921e-de7d-4eac-8b06-f587c61ba6e6","job_deleted","Job deleted: Naomi Whittel Oversized Postcard November 2025",,"""2025-08-28T21:47:39.870Z"""
"73b117f5-5dd7-4fe0-98ce-10612aad800f","3f2ac51e-75c9-4997-900e-46422aa22459","proof","8e65bfc4-bed9-40d4-bc50-295c06c161ce","proof_sent","Proof uploaded for job J-2025-653930",,"""2025-09-11T20:58:11.994Z"""
"73bafc82-f678-48c9-a4c1-507cd808cc19","3f2ac51e-75c9-4997-900e-46422aa22459","invoice","1fd82d3d-c6e5-42de-ba67-d3f716ac2d08","created","Invoice INV-2025-863122 generated for job J-2025-704908 (linked to PO PO-2025-863036)",,"""2025-10-13T13:57:43.180Z"""
"75f61f3c-853e-4395-a26a-a5b92b059a79","system","job","J-2025-642385","email_proof_ready","Email success: proof_ready to lorie@jjsainc.com, brandon@innovateflow.co, steve.gustafson@bgeltd.com","{""emailEvent"":{""type"":""proof_ready"",""status"":""success"",""subject"":""Proof Ready for Review - J-2025-642385"",""timestamp"":""2025-10-10T14:54:23.191Z"",""recipients"":[""lorie@jjsainc.com"",""brandon@innovateflow.co"",""steve.gustafson@bgeltd.com""]}}","""2025-10-10T14:54:23.405Z"""
"7603d683-67b0-4eda-add0-9797898d72da","3f2ac51e-75c9-4997-900e-46422aa22459","job","573e9aad-0c7c-408b-ab7b-f28fc2d20b11","job_updated","Job updated: Christopher Elbow Halloween 2025 Postcard",,"""2025-08-27T20:19:54.847Z"""
"761ac372-340d-4541-b587-38d1e9fc57f9","36307409","quote","b36a882d-fde8-4b64-a9ee-b8a1b8318c92","created","Quote request created: CR Holiday Preview 2025 Tri-fold Self-Mailer",,"""2025-08-21T18:57:08.040Z"""
"79260d67-e90f-4fcd-b4cc-db3cef9aecda","3f2ac51e-75c9-4997-900e-46422aa22459","job","15b17780-f1d2-413e-9c13-ab3991621666","job_updated","Job updated: Life for Life and L95 Mailing - Print + Mail (Sept 2025)",,"""2025-09-30T22:16:48.448Z"""
"7b2eae85-559a-48f3-9ac4-14d3963aa14d","aa1c746b-bee6-448c-9112-cf6f8531da6e","job","6a846470-ee73-4ccf-9b6c-31c3c10d499b","file_uploaded","artwork file ""Screenshot 2025-09-02 at 10.52.11â€¯AM.png"" uploaded",,"""2025-10-09T15:43:55.078Z"""
"7baee8be-1cbe-443c-aaa3-c53518057b2c","3f2ac51e-75c9-4997-900e-46422aa22459","job","63b5341d-813a-4e67-b1f0-466df38bd20f","sample_tracking_updated","Sample tracking updated for job #J-2025-619301 - Tracking: 1z6283330167446525",,"""2025-08-29T15:52:59.061Z"""
"7ee64c54-2cdb-4a46-939e-58d6fe0a744c","5afadf71-3c25-44b7-b75d-d6699912049a","job","J-2025-308885","email_order_confirmation","Email success: order_confirmation to matt@ballantine.com, brandon@innovateflow.co, steve.gustafson@bgeltd.com","{""emailEvent"":{""type"":""order_confirmation"",""status"":""success"",""subject"":""Order Confirmation - J-2025-308885"",""timestamp"":""2025-10-06T17:05:09.065Z"",""recipients"":[""matt@ballantine.com"",""brandon@innovateflow.co"",""steve.gustafson@bgeltd.com""]}}","""2025-10-06T17:05:09.553Z"""
"7f3c9e43-e6e3-46e2-bde9-8afebf268ffb","system","job","J-2025-401034","email_job_completed","Email success: job_completed to lorie@jjsainc.com, brandon@innovateflow.co, steve.gustafson@bgeltd.com","{""emailEvent"":{""type"":""job_completed"",""status"":""success"",""subject"":""ðŸ“Ž File Upload: PO#44258 - ARTWORK"",""timestamp"":""2025-10-03T16:29:56.510Z"",""recipients"":[""lorie@jjsainc.com"",""brandon@innovateflow.co"",""steve.gustafson@bgeltd.com""]}}","""2025-10-03T16:29:56.857Z"""
"7f4b1b35-fabf-4ce6-8b53-848ae966e72d","a717bcf8-6395-4cdf-8131-fdabb222541e","job","ad90b3e1-b34a-4764-957a-6aed15b3de28","job_created","Direct order created: Winter 2025 Brochures",,"""2025-10-08T17:30:42.451Z"""
"80ed7d36-2768-4c0f-9760-33eec40a5d77","a503ede4-be89-4f7b-ba54-b31fc37c2f39","bradford_po","c7914a79-086a-4de1-89da-3bad98e2ee02","updated","Bradford PO updated",,"""2025-10-14T20:52:57.688Z"""
"84efe5ba-7e49-485d-a146-3ca67d0d6f8c","f4e48574-e754-4724-b720-bf5b376a64d9","job","J-2025-198773","email_order_confirmation","Email sent: order_confirmation to nick@starterboxstudios.com, Brandon@impactdirectprinting.com, brandon@innovateflow.co, steve.gustafson@bgeltd.com","{""emailEvent"":{""type"":""order_confirmation"",""status"":""sent"",""subject"":""Order Confirmation - J-2025-198773"",""timestamp"":""2025-09-26T14:49:59.431Z"",""recipients"":[""nick@starterboxstudios.com"",""Brandon@impactdirectprinting.com"",""brandon@innovateflow.co"",""steve.gustafson@bgeltd.com""]}}","""2025-09-26T14:49:59.449Z"""
"85084c81-602f-4eb8-842d-65fb7750a664","3f2ac51e-75c9-4997-900e-46422aa22459","job","573e9aad-0c7c-408b-ab7b-f28fc2d20b11","file_deleted","File ""CE.Halloween.2025.6x9.postcard.8.25.25 (1).pdf"" deleted",,"""2025-09-25T16:35:31.406Z"""
"875bc0d6-7fc0-4140-8421-cf75f053c66b","3f2ac51e-75c9-4997-900e-46422aa22459","job","7d296f45-b735-4b0e-b1f6-589840b4ba3c","job_updated","Job updated: Non-Life Product Mailing - Print + Mail (Sept 2025)",,"""2025-09-30T22:17:58.473Z"""
"887fe6cd-7f0f-424c-8eac-832ba1661d1c","4ce6d748-2c57-4591-bcb3-0c111a54cced","job","J-2025-496013","email_order_confirmation","Email success: order_confirmation to matt@ballantine.com, brandon@innovateflow.co, steve.gustafson@bgeltd.com","{""emailEvent"":{""type"":""order_confirmation"",""status"":""success"",""subject"":""Order Confirmation - J-2025-496013"",""timestamp"":""2025-10-06T17:08:16.176Z"",""recipients"":[""matt@ballantine.com"",""brandon@innovateflow.co"",""steve.gustafson@bgeltd.com""]}}","""2025-10-06T17:08:16.525Z"""
"892d2da5-29d9-4ef6-baa2-541ecd5f46da","a503ede4-be89-4f7b-ba54-b31fc37c2f39","invoice","361cd413-015d-4af8-89f2-d3a0ba880337","deleted","Invoice deleted: INV-2025-263473",,"""2025-10-14T19:54:48.210Z"""
"89501e3e-b6ae-4471-82ab-f9e24940f6a4","system","system","jobs-report","email_jobs_report","Email success: jobs_report to brandon@innovateflow.co, steve.gustafson@bgeltd.com, nick@starterboxstudios.com","{""emailEvent"":{""type"":""jobs_report"",""status"":""success"",""subject"":""Bradford Financial Report - 10/14/2025"",""timestamp"":""2025-10-14T19:47:37.879Z"",""recipients"":[""brandon@innovateflow.co"",""steve.gustafson@bgeltd.com"",""nick@starterboxstudios.com""]}}","""2025-10-14T19:47:38.367Z"""
"8a7d5646-6c56-4be2-8596-08c8294c09eb","3f2ac51e-75c9-4997-900e-46422aa22459","invoice","a6d4138a-3bd6-498b-9f76-25184e1e2ef0","created","Invoice INV-2025-874193 generated for completed order",,"""2025-10-06T17:31:14.270Z"""
"90381458-de29-44e9-96b1-aedc42da173c","system","system","jobs-report","email_jobs_report","Email success: jobs_report to brandon@innovateflow.co, steve.gustafson@bgeltd.com, nick@starterboxstudios.com","{""emailEvent"":{""type"":""jobs_report"",""status"":""success"",""subject"":""Bradford Financial Report - 10/14/2025"",""timestamp"":""2025-10-14T21:24:26.796Z"",""recipients"":[""brandon@innovateflow.co"",""steve.gustafson@bgeltd.com"",""nick@starterboxstudios.com""]}}","""2025-10-14T21:24:27.187Z"""
"90c14a20-6608-4b59-9f16-751fa5e0f914","system","job","J-2025-704908","email_job_completed","Email success: job_completed to LORIE@JJSAINC.COM, brandon@innovateflow.co, steve.gustafson@bgeltd.com","{""emailEvent"":{""type"":""job_completed"",""status"":""success"",""subject"":""ðŸ“Ž File Upload: PO#44215 - DATA"",""timestamp"":""2025-10-03T16:01:52.064Z"",""recipients"":[""LORIE@JJSAINC.COM"",""brandon@innovateflow.co"",""steve.gustafson@bgeltd.com""]}}","""2025-10-03T16:01:52.420Z"""
"90c2756e-d253-4bda-9f5b-3e567586fcdd","system","job","J-2025-121928","email_sample_tracking","Email success: sample_tracking to jennifer@ballantine.com, brandon@innovateflow.co, steve.gustafson@bgeltd.com","{""emailEvent"":{""type"":""sample_tracking"",""status"":""success"",""subject"":""Job Updated - J-2025-121928"",""timestamp"":""2025-10-14T20:00:29.918Z"",""recipients"":[""jennifer@ballantine.com"",""brandon@innovateflow.co"",""steve.gustafson@bgeltd.com""]}}","""2025-10-14T20:00:30.201Z"""
"90c84fdc-5312-4803-b1e5-901b387d7ca0","3f2ac51e-75c9-4997-900e-46422aa22459","invoice","597779e0-3336-484a-bd15-0a0a3bfb1c75","invoice_sent","Invoice INV-2025-534680 sent to lorie@jjsainc.com, Brandon@impactdirectprinting.com, brandon@innovateflow.co",,"""2025-09-30T22:49:05.365Z"""
"92ccc59d-4a6f-4290-b1d4-2480e7a9df05","3f2ac51e-75c9-4997-900e-46422aa22459","invoice","b728cab3-327c-4293-9433-f012f4879b7f","updated","Invoice updated: INV-2025-854181",,"""2025-10-13T10:56:37.613Z"""
"93f5a76d-63db-492c-870b-62321278789b","a503ede4-be89-4f7b-ba54-b31fc37c2f39","bradford_po","9afc1a39-824a-4e89-b58a-3881bd3d06e5","created","Bradford PO 1227430 created and sent for job J-2025-653930",,"""2025-10-09T22:35:18.233Z"""
"96e48967-69eb-4bde-9090-b707f48f192c","3f2ac51e-75c9-4997-900e-46422aa22459","job","c36ff22e-63fc-4339-b061-8ffb52ea78dd","job_updated","Job updated: Autism Selfmailer - Print + Mail - Status changed from ""pending"" to ""completed""",,"""2025-10-14T20:00:30.242Z"""
"97404973-e51c-4100-ad3a-cc076ae12367","3f2ac51e-75c9-4997-900e-46422aa22459","invoice","61825bee-d755-4cc8-a28d-3f6c24bd1ca1","created","Invoice generated for job J-2025-619301",,"""2025-09-15T19:22:53.836Z"""
"99671d05-305a-4f06-8522-fba46bcf3c41","system","job","J-2025-642385","email_job_completed","Email success: job_completed to lorie@jjsainc.com, brandon@innovateflow.co, steve.gustafson@bgeltd.com","{""emailEvent"":{""type"":""job_completed"",""status"":""success"",""subject"":""ðŸ“Ž File Upload: PO#44277 - ARTWORK"",""timestamp"":""2025-10-09T17:33:28.596Z"",""recipients"":[""lorie@jjsainc.com"",""brandon@innovateflow.co"",""steve.gustafson@bgeltd.com""]}}","""2025-10-09T17:33:28.665Z"""
"99e2eebf-6f05-4d09-9781-2dbdf1b34a0d","3f2ac51e-75c9-4997-900e-46422aa22459","job","4569215c-07e7-4e4a-b579-70287ce64964","file_uploaded","data file ""DUPS.zip"" uploaded",,"""2025-10-06T20:10:01.130Z"""
"99ec577a-c298-4c64-a01f-06b087c3053d","3f2ac51e-75c9-4997-900e-46422aa22459","proof","1f7cd6c5-7b9c-4d49-92d2-edd6b4255ab2","created","Proof link added from www.dropbox.com",,"""2025-10-10T14:54:23.137Z"""
"9aee6838-4103-41a2-80c8-48f4fba9eeb5","a503ede4-be89-4f7b-ba54-b31fc37c2f39","bradford_po","75570e69-80c4-4c5c-bbe0-43824b6000f7","created","Bradford PO BPO-2025-635880 uploaded for job J-2025-646183",,"""2025-10-08T14:27:16.339Z"""
"9b47a2f2-cc05-4ba4-9ac2-a6f00ac4b293","3f2ac51e-75c9-4997-900e-46422aa22459","invoice","31492239-f015-4102-9da0-2ca00656e450","created","Invoice INV-2025-931061 generated for job J-2025-314062 (linked to PO PO-2025-930938)",,"""2025-10-14T19:58:51.120Z"""
"9ba5d5a8-f6e4-4dfe-ad6f-e7a0f24b45cf","system","system","jobs-report","email_jobs_report","Email success: jobs_report to brandon@innovateflow.co, steve.gustafson@bgeltd.com, nick@starterboxstudios.com","{""emailEvent"":{""type"":""jobs_report"",""status"":""success"",""subject"":""Jobs Report - 10/14/2025"",""timestamp"":""2025-10-14T19:22:43.971Z"",""recipients"":[""brandon@innovateflow.co"",""steve.gustafson@bgeltd.com"",""nick@starterboxstudios.com""]}}","""2025-10-14T19:22:44.484Z"""
"9e19c13a-f556-46b2-95b7-d3b1191f87a6","aa1c746b-bee6-448c-9112-cf6f8531da6e","job","07e366e7-a763-40c1-8159-c967ac8990aa","file_uploaded","data file ""Charter Facility- Starterbox Studios- IL, MN OH.xlsx"" uploaded",,"""2025-10-09T17:00:30.594Z"""
"9e9de557-626b-4e5c-8cb3-daaaf61f2f6c","3f2ac51e-75c9-4997-900e-46422aa22459","job","ad90b3e1-b34a-4764-957a-6aed15b3de28","file_uploaded","artwork file ""R5385-INS-F25.pdf"" uploaded",,"""2025-10-09T17:33:28.581Z"""
"a321ff56-0f67-426f-94b1-59a3273c6d43","system","system","jobs-report","email_jobs_report","Email success: jobs_report to brandon@innovateflow.co, steve.gustafson@bgeltd.com, nick@starterboxstudios.com","{""emailEvent"":{""type"":""jobs_report"",""status"":""success"",""subject"":""Jobs Report - 10/13/2025"",""timestamp"":""2025-10-13T15:10:04.853Z"",""recipients"":[""brandon@innovateflow.co"",""steve.gustafson@bgeltd.com"",""nick@starterboxstudios.com""]}}","""2025-10-13T15:10:05.370Z"""
"a3c0c98e-64cf-43c4-a90c-b787221e4dba","3f2ac51e-75c9-4997-900e-46422aa22459","invoice","b728cab3-327c-4293-9433-f012f4879b7f","updated","Invoice updated: INV-2025-854181",,"""2025-10-08T21:50:56.365Z"""
"a5604718-df89-49d6-918c-9a0234bcde2a","3f2ac51e-75c9-4997-900e-46422aa22459","invoice","1fd82d3d-c6e5-42de-ba67-d3f716ac2d08","invoice_sent","Invoice INV-2025-863122 sent to LORIE@JJSAINC.COM",,"""2025-10-13T13:57:52.394Z"""
"a6f59f11-1949-4b8b-b210-7e8034fe5dbc","6a846470-ee73-4ccf-9b6c-31c3c10d499b","job","J-2025-522757","email_order_confirmation","Email success: order_confirmation to brandon@impactdirectprinting.com, brandon@innovateflow.co, steve.gustafson@bgeltd.com","{""emailEvent"":{""type"":""order_confirmation"",""status"":""success"",""subject"":""Order Confirmation - J-2025-522757"",""timestamp"":""2025-10-09T15:42:02.906Z"",""recipients"":[""brandon@impactdirectprinting.com"",""brandon@innovateflow.co"",""steve.gustafson@bgeltd.com""]}}","""2025-10-09T15:42:03.434Z"""
"a74ee597-69bc-4143-aeb6-5af8b30f3a81","3f2ac51e-75c9-4997-900e-46422aa22459","job","573e9aad-0c7c-408b-ab7b-f28fc2d20b11","file_uploaded","po file ""CE.Halloween.2025.6x9.postcard.8.25.25 (1).pdf"" uploaded",,"""2025-09-25T16:52:48.301Z"""
"a7683044-e1c7-4008-a162-eff242c2da63","3f2ac51e-75c9-4997-900e-46422aa22459","job","63b5341d-813a-4e67-b1f0-466df38bd20f","sample_tracking_added","Tracking number 1Z6283331369792152 added for Dan Ables",,"""2025-09-23T19:37:59.826Z"""
"a794e280-076b-4bcc-8886-5ff5bf07288d","3f2ac51e-75c9-4997-900e-46422aa22459","invoice","61825bee-d755-4cc8-a28d-3f6c24bd1ca1","invoice_sent","Invoice INV-2025-173766 sent to lorie@jjsainc.com",,"""2025-09-15T19:40:43.313Z"""
"aa87f433-dc0c-4374-8f7a-bd69121726d0","system","job","J-2025-642385","email_job_completed","Email success: job_completed to lorie@jjsainc.com, brandon@innovateflow.co, steve.gustafson@bgeltd.com","{""emailEvent"":{""type"":""job_completed"",""status"":""success"",""subject"":""ðŸ“Ž File Upload: PO#44277 - ARTWORK"",""timestamp"":""2025-10-09T17:33:29.609Z"",""recipients"":[""lorie@jjsainc.com"",""brandon@innovateflow.co"",""steve.gustafson@bgeltd.com""]}}","""2025-10-09T17:33:29.680Z"""
"ab46ab46-799e-4312-ac11-3205101ce7a4","3f2ac51e-75c9-4997-900e-46422aa22459","job","5871a0c4-e0df-4b5d-9912-5a33aaa369de","job_deleted","Job deleted: Test ",,"""2025-09-30T22:15:20.709Z"""
"afc58404-1396-4b9d-b488-4e44ed7d22b2","3f2ac51e-75c9-4997-900e-46422aa22459","job","ad90b3e1-b34a-4764-957a-6aed15b3de28","file_uploaded","artwork file ""MA1JKT-INS-F25.pdf"" uploaded",,"""2025-10-09T17:33:24.570Z"""
"b042deef-1f94-4bd1-848d-e5ac538b8ab3","3f2ac51e-75c9-4997-900e-46422aa22459","job","4569215c-07e7-4e4a-b579-70287ce64964","file_uploaded","data file ""NaomiWhittel_November_Count_Breakdown.csv"" uploaded",,"""2025-10-06T20:12:20.839Z"""
"b0d25cbd-0fce-4807-872b-39416446ed47","a503ede4-be89-4f7b-ba54-b31fc37c2f39","outgoing_po","aa39cc4d-9881-459b-ae25-97572754b212","deleted","Outgoing PO deleted",,"""2025-10-10T06:08:21.910Z"""
"b177bdcc-8574-4e97-b8e7-faed430d568c","3af3b8f5-aec0-4340-8717-f130ddabeb58","job","63b5341d-813a-4e67-b1f0-466df38bd20f","proof_approved","Proof approved for job J-2025-619301",,"""2025-08-25T19:04:28.552Z"""
"b2995ef4-1785-4514-ae2b-11632791132e","a503ede4-be89-4f7b-ba54-b31fc37c2f39","bradford_po","c7914a79-086a-4de1-89da-3bad98e2ee02","created","Bradford PO 1227421 created and sent for job J-2025-710561",,"""2025-10-08T14:30:33.192Z"""
"b58a2e28-047c-4b67-956f-c79f6bba233e","3f2ac51e-75c9-4997-900e-46422aa22459","job","f4e48574-e754-4724-b720-bf5b376a64d9","job_created","Direct order created: Tedst ",,"""2025-09-26T14:49:58.840Z"""
"b5b924af-d9f3-4959-864a-ba585126e350","system","system","jobs-report","email_jobs_report","Email success: jobs_report to brandon@innovateflow.co, steve.gustafson@bgeltd.com, nick@starterboxstudios.com","{""emailEvent"":{""type"":""jobs_report"",""status"":""success"",""subject"":""Jobs Report - 10/14/2025"",""timestamp"":""2025-10-14T19:04:50.091Z"",""recipients"":[""brandon@innovateflow.co"",""steve.gustafson@bgeltd.com"",""nick@starterboxstudios.com""]}}","""2025-10-14T19:04:50.488Z"""
"b6328d99-389e-4ca4-afa4-9ea5edc4534a","a717bcf8-6395-4cdf-8131-fdabb222541e","job","c6d7f5a3-d033-4869-92dd-212965f2b6ee","job_created","Direct order created: Cherry Republic Lansing, MI Postcard",,"""2025-09-22T19:18:24.980Z"""
"b64299ce-cbdf-4370-9798-53fffc80cc3f","3f2ac51e-75c9-4997-900e-46422aa22459","job","80c0c4f7-1e9e-483d-ae4a-d22a385bfdab","file_uploaded","artwork file ""SLPFTTYLETTER 10.01.2025.pdf"" uploaded",,"""2025-10-03T16:29:56.488Z"""
"b7c96f47-befd-4bbd-ba22-afcf74c9583b","3f2ac51e-75c9-4997-900e-46422aa22459","outgoing_po","5ac3680f-5a73-46ff-8103-389489c68ee7","auto_created","Auto-generated Bradford PO PO-2025-930938 for customer invoice",,"""2025-10-14T19:58:51.011Z"""
"b9701fb0-2050-442d-b70b-ddfe0ed7d545","3f2ac51e-75c9-4997-900e-46422aa22459","job","4ce6d748-2c57-4591-bcb3-0c111a54cced","job_created","Direct order created: Literacy Selfmailer - Print + Mail",,"""2025-10-06T17:08:16.100Z"""
"b9d556f3-a5bb-42d0-b799-7cc70bf5c5fc","c8cb42a2-1259-4f4d-bdda-fb41e0b343ec","job","J-2025-646183","email_order_confirmation","Email success: order_confirmation to matt@ballantine.com, brandon@innovateflow.co, steve.gustafson@bgeltd.com","{""emailEvent"":{""type"":""order_confirmation"",""status"":""success"",""subject"":""Order Confirmation - J-2025-646183"",""timestamp"":""2025-10-06T17:10:46.315Z"",""recipients"":[""matt@ballantine.com"",""brandon@innovateflow.co"",""steve.gustafson@bgeltd.com""]}}","""2025-10-06T17:10:46.661Z"""
"bc655013-78bf-4ef2-9fb2-d8eb465afe77","3f2ac51e-75c9-4997-900e-46422aa22459","invoice","a6d4138a-3bd6-498b-9f76-25184e1e2ef0","emailed","Invoice INV-2025-874193 emailed to matt@ballantine.com",,"""2025-10-06T17:31:14.436Z"""
"bc7318e4-a390-4c58-91e1-2641a40cc849","a717bcf8-6395-4cdf-8131-fdabb222541e","outgoing_po","7a772b62-e5d0-4c09-8ddc-93f065336f6b","po_created","Purchase order PO-2025-704998 created for job J-2025-704908",,"""2025-09-22T19:18:25.056Z"""
"bcba3ce8-e6cd-4ab7-a70a-7daa73a14e64","3f2ac51e-75c9-4997-900e-46422aa22459","invoice","a6d4138a-3bd6-498b-9f76-25184e1e2ef0","updated","Invoice updated: INV-2025-874193",,"""2025-10-13T11:19:18.239Z"""
"bedcb12c-e643-4d9c-a729-8c0521cc3f13","3f2ac51e-75c9-4997-900e-46422aa22459","job","0e03cec2-bb6a-45f5-8e22-9fcfd32ac41e","job_updated","Job updated: December 2025 Naomi Whittel Oversized Postcard",,"""2025-09-24T17:16:07.372Z"""
"c158db2a-8b26-44b8-8abb-f3463cc32ec7","3af3b8f5-aec0-4340-8717-f130ddabeb58","job","63b5341d-813a-4e67-b1f0-466df38bd20f","proof_sent","Proof link sent for job J-2025-619301",,"""2025-08-25T18:47:33.804Z"""
"c191410e-5b77-43d6-89e2-a22d3633234b","a503ede4-be89-4f7b-ba54-b31fc37c2f39","bradford_po","f1ad170e-9e76-48b1-823c-4fd7b82a9714","updated","Bradford PO updated",,"""2025-10-14T20:36:53.816Z"""
"c25bfc05-fda5-4604-b326-9ff166ce9bcb","system","invoice","INV-2025-582613","email_invoice_sent","Email success: invoice_sent to lorie@jjsainc.com, Brandon@impactdirectprinting.com, brandon@innovateflow.co","{""emailEvent"":{""type"":""invoice_sent"",""status"":""success"",""subject"":""Invoice INV-2025-582613 - October Naomi Whittel Oversized Postcard"",""jobNumber"":""J-2025-653930"",""timestamp"":""2025-09-30T22:49:55.361Z"",""recipients"":[""lorie@jjsainc.com"",""Brandon@impactdirectprinting.com"",""brandon@innovateflow.co""],""invoiceNumber"":""INV-2025-582613""}}","""2025-09-30T22:49:55.378Z"""
"c31cb3f6-be52-4a3b-b798-99f17b1b8f55","3f2ac51e-75c9-4997-900e-46422aa22459","job","0685e7ff-ef07-4ba7-b646-bbaf9a10d141","job_created","Direct order created: PSALC Selfmailer - Print + Mail",,"""2025-09-16T14:01:54.127Z"""
"c59db75f-c8ab-44d4-8dac-63340f9c93ea","a503ede4-be89-4f7b-ba54-b31fc37c2f39","outgoing_po","6c010c60-aa61-4a01-8aa9-1c259074e7e0","deleted","Outgoing PO deleted",,"""2025-10-10T06:08:10.325Z"""
"c5e4fc6d-0a8f-40e2-bcab-3a054ebc03b2","3f2ac51e-75c9-4997-900e-46422aa22459","outgoing_po","713a95f9-f709-4fdb-bc92-8046a4811f76","auto_created","Auto-generated Bradford PO PO-2025-795674 for Impact invoice",,"""2025-09-30T22:19:55.730Z"""
"c64b9af5-c40e-4465-a365-9a3039307341","a717bcf8-6395-4cdf-8131-fdabb222541e","job","b7456eb0-1296-40c9-a60d-1d37422e66f2","file_uploaded","artwork file ""NW-082525-FALL25 FINAL (1).pdf"" uploaded",,"""2025-09-10T15:11:30.542Z"""
"c6b9c766-8d46-42ea-bac7-8fc848db611f","system","invoice","INV-2025-795600","email_invoice_sent","Email success: invoice_sent to matt@ballantine.com, Brandon@impactdirectprinting.com, brandon@innovateflow.co","{""emailEvent"":{""type"":""invoice_sent"",""status"":""success"",""subject"":""Invoice INV-2025-795600 - Non-Life Product Mailing - Print + Mail (Sept 2025)"",""jobNumber"":""J-2025-119173"",""timestamp"":""2025-09-30T22:20:20.855Z"",""recipients"":[""matt@ballantine.com"",""Brandon@impactdirectprinting.com"",""brandon@innovateflow.co""],""invoiceNumber"":""INV-2025-795600""}}","""2025-09-30T22:20:20.875Z"""
"c9fa2d92-4939-4675-a100-588af0450147","3f2ac51e-75c9-4997-900e-46422aa22459","job","15b17780-f1d2-413e-9c13-ab3991621666","job_created","Direct order created: Life for Life and L95 Mailing - Print + Mail (Sept 2025)",,"""2025-09-26T01:13:36.200Z"""
"cc9f9b5d-a2d9-46b6-adc5-9c21bdf2fefc","3f2ac51e-75c9-4997-900e-46422aa22459","job","573e9aad-0c7c-408b-ab7b-f28fc2d20b11","file_uploaded","artwork file ""BISS_Advent Calendar25_11x6_F.pdf"" uploaded",,"""2025-09-12T18:42:33.674Z"""
"cd272476-108c-4696-b1a1-1e182ab83e4d","a503ede4-be89-4f7b-ba54-b31fc37c2f39","bradford_po","5e6fd004-6d8f-4ea2-99db-82afd8d89b62","deleted","Bradford PO deleted",,"""2025-10-08T14:28:09.755Z"""
"cdcfd315-0bb1-4101-8581-42079d2a91ad","3f2ac51e-75c9-4997-900e-46422aa22459","invoice","387796ae-7a5e-4afc-807f-ee91f6c80e4d","created","Invoice created: INV-2025-869742",,"""2025-10-02T05:27:49.841Z"""
"cdd5e6c5-522f-4f98-b02c-e4590e874bd7","3f2ac51e-75c9-4997-900e-46422aa22459","job","07e366e7-a763-40c1-8159-c967ac8990aa","job_deleted","Job deleted: testing order 2453523452",,"""2025-10-09T17:32:26.406Z"""
"ce01846e-0348-47b4-9af7-1c882984d242","system","job","J-2025-642385","email_job_completed","Email success: job_completed to lorie@jjsainc.com, brandon@innovateflow.co, steve.gustafson@bgeltd.com","{""emailEvent"":{""type"":""job_completed"",""status"":""success"",""subject"":""ðŸ“Ž File Upload: PO#44277 - ARTWORK"",""timestamp"":""2025-10-09T17:33:26.406Z"",""recipients"":[""lorie@jjsainc.com"",""brandon@innovateflow.co"",""steve.gustafson@bgeltd.com""]}}","""2025-10-09T17:33:26.474Z"""
"cef6acef-536e-41f8-8e29-78535278e791","system","job","J-2025-119173","email_sample_tracking","Email success: sample_tracking to matt@ballantine.com, nick@jdgraphic.com, brandon@innovateflow.co, steve.gustafson@bgeltd.com","{""emailEvent"":{""type"":""sample_tracking"",""status"":""success"",""subject"":""Job Updated - J-2025-119173"",""timestamp"":""2025-09-30T22:47:47.774Z"",""recipients"":[""matt@ballantine.com"",""nick@jdgraphic.com"",""brandon@innovateflow.co"",""steve.gustafson@bgeltd.com""]}}","""2025-09-30T22:47:48.218Z"""
"cf49c453-7f7b-42b6-b89b-cdf77d6a594f","3f2ac51e-75c9-4997-900e-46422aa22459","job","5afadf71-3c25-44b7-b75d-d6699912049a","job_created","Direct order created: School Psychology Selfmailer - Print + Mail",,"""2025-10-06T17:05:08.976Z"""
"cff0512e-f6e6-45d9-b952-f1946ee68752","3f2ac51e-75c9-4997-900e-46422aa22459","invoice","ad17ef1c-d583-4148-9358-bd36277693fa","created","Invoice INV-2025-879603 generated for completed order",,"""2025-10-06T17:31:19.684Z"""
"d041f1b1-c4c6-441d-ad0e-9a092b04fe60","3f2ac51e-75c9-4997-900e-46422aa22459","job","63b5341d-813a-4e67-b1f0-466df38bd20f","job_updated","Job updated: Bissingers Chocolate Advent Postcard - Status changed from ""proof_approved"" to ""completed""",,"""2025-09-15T19:23:29.726Z"""
"d267e0ba-cb35-4eb0-8f81-11c8e8bbc046","a503ede4-be89-4f7b-ba54-b31fc37c2f39","outgoing_po","2f810b22-4e17-40d7-8c2f-06e7b1c8cbcd","deleted","Outgoing PO deleted",,"""2025-10-10T06:07:58.095Z"""
"d276997c-db9f-4739-a13d-cdcf75f8d021","a503ede4-be89-4f7b-ba54-b31fc37c2f39","invoice","d53de49d-f647-4060-ac19-6692f50d81f0","bradford_created","Bradford invoice BRD-1001-005 sent to Impact for job J-2025-401034",,"""2025-10-14T19:54:06.364Z"""
"d2ae2e76-3347-4fe6-bf6c-73768f1fb7dc","aa1c746b-bee6-448c-9112-cf6f8531da6e","job","6a846470-ee73-4ccf-9b6c-31c3c10d499b","job_created","Direct order created: this is a test",,"""2025-10-09T15:42:02.837Z"""
"d2e60d6d-d393-4550-aafd-b80af4627c6d","3f2ac51e-75c9-4997-900e-46422aa22459","job","63b5341d-813a-4e67-b1f0-466df38bd20f","job_updated","Job updated: Bissingers Chocolate Advent Postcard - Status changed from ""completed"" to ""delivered""",,"""2025-09-15T19:23:31.185Z"""
"d637b536-178a-4dcc-a462-1946dce1ec13","3f2ac51e-75c9-4997-900e-46422aa22459","job","5afadf71-3c25-44b7-b75d-d6699912049a","completed_without_pickup","Job marked complete without pickup - Invoice INV-2025-854181 sent","{""invoiceId"":""b728cab3-327c-4293-9433-f012f4879b7f"",""invoiceNumber"":""INV-2025-854181""}","""2025-10-06T17:30:54.926Z"""
"d67de570-b2ca-4362-ad3e-58576a8f3c95","3f2ac51e-75c9-4997-900e-46422aa22459","outgoing_po","b4b3bf0c-a29d-4a41-9923-0a098232ad60","auto_created","Auto-generated Bradford PO PO-2025-582694 for Impact invoice",,"""2025-09-30T22:49:42.746Z"""
"d6893256-b09f-4ef9-b6c9-8b87f2d59c4f","3f2ac51e-75c9-4997-900e-46422aa22459","job","c36ff22e-63fc-4339-b061-8ffb52ea78dd","job_created","Direct order created: Autism Selfmailer - Print + Mail",,"""2025-09-16T13:58:41.999Z"""
"d8054c53-a68d-4689-9de0-59b83244eaa2","3f2ac51e-75c9-4997-900e-46422aa22459","job","15b17780-f1d2-413e-9c13-ab3991621666","job_updated","Job updated: Life for Life and L95 Mailing - Print + Mail (Sept 2025)",,"""2025-09-30T22:14:50.119Z"""
"d8e7437d-739b-4a9a-9f6f-f51076495107","3f2ac51e-75c9-4997-900e-46422aa22459","job","6a846470-ee73-4ccf-9b6c-31c3c10d499b","job_deleted","Job deleted: this is a test",,"""2025-10-09T17:32:31.137Z"""
"d9863850-2dbe-438a-a753-979d92611662","3f2ac51e-75c9-4997-900e-46422aa22459","invoice","9af7cc93-9de2-4eca-ae76-989b64f7b6fd","emailed","Invoice INV-2025-868848 emailed to matt@ballantine.com",,"""2025-10-06T17:31:09.476Z"""
"dae47b9a-82b3-4a26-ad5d-145538e4256b","ad90b3e1-b34a-4764-957a-6aed15b3de28","job","J-2025-642385","email_order_confirmation","Email success: order_confirmation to lorie@jjsainc.com, brandon@innovateflow.co, steve.gustafson@bgeltd.com","{""emailEvent"":{""type"":""order_confirmation"",""status"":""success"",""subject"":""Order Confirmation - J-2025-642385"",""timestamp"":""2025-10-08T17:30:42.505Z"",""recipients"":[""lorie@jjsainc.com"",""brandon@innovateflow.co"",""steve.gustafson@bgeltd.com""]}}","""2025-10-08T17:30:42.938Z"""
"db1cc30d-08ce-4435-b5b6-77cbc8ae0bf9","a503ede4-be89-4f7b-ba54-b31fc37c2f39","bradford_po","f1ad170e-9e76-48b1-823c-4fd7b82a9714","created","Bradford PO 1227320 created and sent for job J-2025-216133",,"""2025-10-07T20:28:03.546Z"""
"db446072-0388-425b-b1e3-8567034f1d87","aa1c746b-bee6-448c-9112-cf6f8531da6e","job","07e366e7-a763-40c1-8159-c967ac8990aa","file_uploaded","artwork file ""71lht5uJA+L.jpg"" uploaded",,"""2025-10-09T17:00:06.533Z"""
"dbbb2c8b-f5ef-4011-8a88-674fa4b6cd57","system","system","jobs-report","email_jobs_report","Email success: jobs_report to brandon@innovateflow.co, steve.gustafson@bgeltd.com, nick@starterboxstudios.com","{""emailEvent"":{""type"":""jobs_report"",""status"":""success"",""subject"":""Jobs Report - 10/14/2025"",""timestamp"":""2025-10-14T19:05:05.125Z"",""recipients"":[""brandon@innovateflow.co"",""steve.gustafson@bgeltd.com"",""nick@starterboxstudios.com""]}}","""2025-10-14T19:05:05.556Z"""
"dc04c044-d647-441a-a9b9-580b13bb39ab","3f2ac51e-75c9-4997-900e-46422aa22459","proof","a8d194ed-7eb2-471e-a21f-4336e300653b","created","Proof uploaded from URL: www.dropbox.com",,"""2025-09-15T19:18:07.499Z"""
"dc37b1d8-5162-4562-bdf6-4b05cfdb96c2","3f2ac51e-75c9-4997-900e-46422aa22459","job","023e2324-d7ed-4d81-96c0-169866b6dbf5","job_deleted","Job deleted: Naomi Whittel Oversized Postcard December",,"""2025-08-28T21:47:34.631Z"""
"dce4d615-4369-42b7-af82-c678f4229fa7","3f2ac51e-75c9-4997-900e-46422aa22459","job","63b5341d-813a-4e67-b1f0-466df38bd20f","sample_shipment_created","Sample shipment created for Dan Ables",,"""2025-09-23T15:19:38.290Z"""
"dcebdff3-87df-434d-ba52-60f2aff1d1c9","3f2ac51e-75c9-4997-900e-46422aa22459","job","b7456eb0-1296-40c9-a60d-1d37422e66f2","job_updated","Job updated: October Naomi Whittel Oversized Postcard",,"""2025-09-24T17:11:40.247Z"""
"dd1e5d33-e9b5-4209-8944-cc40379d9b23","system","system","jobs-report","email_jobs_report","Email success: jobs_report to brandon@innovateflow.co, steve.gustafson@bgeltd.com, nick@starterboxstudios.com","{""emailEvent"":{""type"":""jobs_report"",""status"":""success"",""subject"":""Jobs Report - 10/9/2025"",""timestamp"":""2025-10-09T19:47:11.964Z"",""recipients"":[""brandon@innovateflow.co"",""steve.gustafson@bgeltd.com"",""nick@starterboxstudios.com""]}}","""2025-10-09T19:47:12.442Z"""
"dd4ec8d4-2638-4449-853d-f4ad5cdef29e","a503ede4-be89-4f7b-ba54-b31fc37c2f39","bradford_po","df68b13b-9aed-4710-af95-8d4ec163fa32","created","Bradford PO 1227436 created and sent for job J-2025-522931",,"""2025-10-10T14:50:10.031Z"""
"dda5763a-83dd-445f-b924-54e6b5dc4d18","3f2ac51e-75c9-4997-900e-46422aa22459","job","c8cb42a2-1259-4f4d-bdda-fb41e0b343ec","job_updated","Job updated: Neuro Selfmailer - Print + Mail",,"""2025-10-08T13:47:25.787Z"""
"def6e47e-f8a9-4fcd-819c-b99882b8673f","a503ede4-be89-4f7b-ba54-b31fc37c2f39","bradford_po","c4c04b13-43e7-4a1c-a7dd-6a9774c9aa55","created","Bradford PO 1227431 created and sent for job J-2025-619301",,"""2025-10-09T19:22:20.647Z"""
"dfff60a7-e506-4e9d-b5e0-d5ce83058ac7","system","invoice","INV-2025-861798","email_invoice_sent","Email success: invoice_sent to matt@ballantine.com","{""emailEvent"":{""type"":""invoice_sent"",""status"":""success"",""subject"":""ðŸ“„ PO#34412.51200.23 - Invoice INV-2025-861798 - Literacy Selfmailer - Print + Mail"",""jobNumber"":""J-2025-496013"",""timestamp"":""2025-10-06T17:31:02.346Z"",""recipients"":[""matt@ballantine.com""],""invoiceNumber"":""INV-2025-861798"",""customerPoNumber"":""34412.51200.23""}}","""2025-10-06T17:31:02.381Z"""
"e136e8bd-27b6-413a-b22e-05d2b58487a9","3f2ac51e-75c9-4997-900e-46422aa22459","job","7d296f45-b735-4b0e-b1f6-589840b4ba3c","job_updated","Job updated: Non-Life Product Mailing - Print + Mail (Sept 2025)",,"""2025-09-30T22:48:03.618Z"""
"e28d2261-3678-4add-abe7-b7b9153db4f4","158dc932-f147-4b35-a47d-5b4af51300bf","job","J-2025-710561","email_order_confirmation","Email success: order_confirmation to matt@ballantine.com, brandon@innovateflow.co, steve.gustafson@bgeltd.com","{""emailEvent"":{""type"":""order_confirmation"",""status"":""success"",""subject"":""Order Confirmation - J-2025-710561"",""timestamp"":""2025-10-06T17:11:50.696Z"",""recipients"":[""matt@ballantine.com"",""brandon@innovateflow.co"",""steve.gustafson@bgeltd.com""]}}","""2025-10-06T17:11:51.175Z"""
"e2cb9174-8e33-49d3-b173-9a68c67b067e","a503ede4-be89-4f7b-ba54-b31fc37c2f39","invoice","61825bee-d755-4cc8-a28d-3f6c24bd1ca1","deleted","Invoice deleted: INV-2025-173766",,"""2025-10-14T19:54:36.433Z"""
"e3721b6e-ef00-4471-95e9-93af6e4c702e","3f2ac51e-75c9-4997-900e-46422aa22459","outgoing_po","c369f787-754b-4cf6-bbbd-a8207866e28b","po_created","Purchase order PO-2025-198860 created for job J-2025-198773",,"""2025-09-26T14:49:58.919Z"""
"e4f24778-6f77-4dc0-967d-050fba3ba462","system","job","J-2025-522757","email_job_completed","Email success: job_completed to brandon@impactdirectprinting.com, brandon@innovateflow.co, steve.gustafson@bgeltd.com","{""emailEvent"":{""type"":""job_completed"",""status"":""success"",""subject"":""ðŸ“Ž File Upload: PO#test order 234 - ARTWORK"",""timestamp"":""2025-10-09T15:43:55.098Z"",""recipients"":[""brandon@impactdirectprinting.com"",""brandon@innovateflow.co"",""steve.gustafson@bgeltd.com""]}}","""2025-10-09T15:43:55.550Z"""
"e51d7ae0-af3b-4e84-87f1-b421e6eec427","3f2ac51e-75c9-4997-900e-46422aa22459","job","f4e48574-e754-4724-b720-bf5b376a64d9","job_deleted","Job deleted: Tedst ",,"""2025-09-30T22:15:17.392Z"""
"e5441413-2d45-4877-bcbc-07f7428ac585","3f2ac51e-75c9-4997-900e-46422aa22459","outgoing_po","cfa2cbbb-cfc2-40b0-a9d4-870fee882458","po_created","Purchase order PO-2025-479863 created for job J-2025-479773",,"""2025-09-26T16:51:19.920Z"""
"e627e5e9-868d-435b-894e-3cd6adf65523","3f2ac51e-75c9-4997-900e-46422aa22459","job","573e9aad-0c7c-408b-ab7b-f28fc2d20b11","sample_shipment_created","Sample shipment created for  at JJS&A Inc.,",,"""2025-09-30T16:22:52.310Z"""
"e6285c81-9566-4957-a3d0-7d36886ee267","a717bcf8-6395-4cdf-8131-fdabb222541e","job","aad6456a-50f2-4c89-b659-46d521dfcc5e","job_created","Direct order created: October 2025 Naomi Whittel Oversized Postcard",,"""2025-08-28T18:40:50.537Z"""
"e6ae5771-19cd-4f52-b9ee-908c33f2cc73","system","invoice","INV-2025-879603","email_invoice_sent","Email success: invoice_sent to matt@ballantine.com","{""emailEvent"":{""type"":""invoice_sent"",""status"":""success"",""subject"":""ðŸ“„ PO#34386-51200.27 - Invoice INV-2025-879603 - DBTXX Selfmailer - Print + Mail"",""jobNumber"":""J-2025-710561"",""timestamp"":""2025-10-06T17:31:19.920Z"",""recipients"":[""matt@ballantine.com""],""invoiceNumber"":""INV-2025-879603"",""customerPoNumber"":""34386-51200.27""}}","""2025-10-06T17:31:19.945Z"""
"e6dfbc1c-7b1b-47de-ac93-091273d12e8c","3f2ac51e-75c9-4997-900e-46422aa22459","job","4569215c-07e7-4e4a-b579-70287ce64964","job_updated","Job updated: November 2025 Naomi Whittel Oversized Postcard",,"""2025-09-24T17:15:15.020Z"""
"e790beed-405e-4630-a6f4-3c2491ec228f","system","job","J-2025-216133","email_sample_tracking","Email success: sample_tracking to jennifer@ballantine.com, nick@jdgraphic.com, brandon@innovateflow.co, steve.gustafson@bgeltd.com","{""emailEvent"":{""type"":""sample_tracking"",""status"":""success"",""subject"":""Job Updated - J-2025-216133"",""timestamp"":""2025-09-30T21:43:01.386Z"",""recipients"":[""jennifer@ballantine.com"",""nick@jdgraphic.com"",""brandon@innovateflow.co"",""steve.gustafson@bgeltd.com""]}}","""2025-09-30T21:43:01.837Z"""
"e938a630-e06b-4b5e-962b-1204a00b097c","07e366e7-a763-40c1-8159-c967ac8990aa","job","J-2025-186072","email_order_confirmation","Email success: order_confirmation to brandon@impactdirectprinting.com, brandon@innovateflow.co, steve.gustafson@bgeltd.com","{""emailEvent"":{""type"":""order_confirmation"",""status"":""success"",""subject"":""Order Confirmation - J-2025-186072"",""timestamp"":""2025-10-09T16:59:46.194Z"",""recipients"":[""brandon@impactdirectprinting.com"",""brandon@innovateflow.co"",""steve.gustafson@bgeltd.com""]}}","""2025-10-09T16:59:46.569Z"""
"e9e56420-080e-490e-ba61-c8e63e31d95e","3f2ac51e-75c9-4997-900e-46422aa22459","job","15b17780-f1d2-413e-9c13-ab3991621666","job_updated","Job updated: Life for Life and L95 Mailing - Print + Mail (Sept 2025) - Status changed from ""pending"" to ""completed""",,"""2025-09-30T21:43:01.874Z"""
"ea3fecfd-6f53-40bf-9e21-69587236a5fe","3f2ac51e-75c9-4997-900e-46422aa22459","outgoing_po","c161f049-c43a-42ca-93b1-881042c31ad0","auto_created","Auto-generated Bradford PO PO-2025-863036 for customer invoice",,"""2025-10-13T13:57:43.104Z"""
"eb25cdc6-ebb7-48b6-ae81-3c5f6d8b569a","3f2ac51e-75c9-4997-900e-46422aa22459","job","63b5341d-813a-4e67-b1f0-466df38bd20f","sample_tracking_added","Tracking number 1Z6283331368930567 added for Carol Wisley",,"""2025-09-23T19:38:21.179Z"""
"eb758017-4b71-4d3f-95c5-dd3751c5f464","system","invoice","INV-2025-874193","email_invoice_sent","Email success: invoice_sent to matt@ballantine.com","{""emailEvent"":{""type"":""invoice_sent"",""status"":""success"",""subject"":""ðŸ“„ PO#34386-51200.26 - Invoice INV-2025-874193 - Neuro Selfmailer - Print + Mail"",""jobNumber"":""J-2025-646183"",""timestamp"":""2025-10-06T17:31:14.368Z"",""recipients"":[""matt@ballantine.com""],""invoiceNumber"":""INV-2025-874193"",""customerPoNumber"":""34386-51200.26""}}","""2025-10-06T17:31:14.393Z"""
"ec8efc55-fad6-4eb1-9b35-139d1e1783b3","system","job","J-2025-314062","email_sample_tracking","Email success: sample_tracking to jennifer@ballantine.com, brandon@innovateflow.co, steve.gustafson@bgeltd.com","{""emailEvent"":{""type"":""sample_tracking"",""status"":""success"",""subject"":""Job Updated - J-2025-314062"",""timestamp"":""2025-10-14T19:58:36.189Z"",""recipients"":[""jennifer@ballantine.com"",""brandon@innovateflow.co"",""steve.gustafson@bgeltd.com""]}}","""2025-10-14T19:58:36.406Z"""
"f001d2ca-b878-4d24-a3cb-c2a533131d83","3f2ac51e-75c9-4997-900e-46422aa22459","outgoing_po","aa39cc4d-9881-459b-ae25-97572754b212","auto_created","Auto-generated Bradford PO PO-2025-918514 for Impact invoice",,"""2025-09-30T22:38:38.571Z"""
"f00ba667-b471-4191-9795-6ac764f16f06","3f2ac51e-75c9-4997-900e-46422aa22459","invoice","b5c060f1-0dec-45bc-837c-0696253d9554","created","Invoice INV-2025-842817 generated for job J-2025-121928 (linked to PO PO-2025-842706)",,"""2025-10-14T19:57:22.872Z"""
"f0b11927-ed31-47b9-9c8b-b87eff004d2b","a717bcf8-6395-4cdf-8131-fdabb222541e","job","c6d7f5a3-d033-4869-92dd-212965f2b6ee","file_uploaded","artwork file ""East_Lansing_Mailer_0925_FO.pdf"" uploaded",,"""2025-10-03T16:01:37.997Z"""
"f1a50f14-0870-4003-a327-3b7e80838395","system","job","J-2025-522757","email_job_completed","Email success: job_completed to brandon@impactdirectprinting.com, brandon@innovateflow.co, steve.gustafson@bgeltd.com","{""emailEvent"":{""type"":""job_completed"",""status"":""success"",""subject"":""ðŸ“Ž File Upload: PO#test order 234 - DATA"",""timestamp"":""2025-10-09T15:44:24.565Z"",""recipients"":[""brandon@impactdirectprinting.com"",""brandon@innovateflow.co"",""steve.gustafson@bgeltd.com""]}}","""2025-10-09T15:44:24.942Z"""
"f1c7753b-5961-4241-b52d-f0a083b75f36","3f2ac51e-75c9-4997-900e-46422aa22459","job","ad90b3e1-b34a-4764-957a-6aed15b3de28","file_uploaded","artwork file ""BOMBER-INS-F25.pdf"" uploaded",,"""2025-10-09T17:33:23.050Z"""
"f206d02e-e6f8-48ff-82c4-cc900fec10a5","system","job","J-2025-704908","email_job_completed","Email success: job_completed to LORIE@JJSAINC.COM, brandon@innovateflow.co, steve.gustafson@bgeltd.com","{""emailEvent"":{""type"":""job_completed"",""status"":""success"",""subject"":""ðŸ“Ž File Upload: PO#44215 - ARTWORK"",""timestamp"":""2025-10-03T16:01:38.017Z"",""recipients"":[""LORIE@JJSAINC.COM"",""brandon@innovateflow.co"",""steve.gustafson@bgeltd.com""]}}","""2025-10-03T16:01:38.497Z"""
"f29d0d7d-27d0-4637-9a65-b2dfe70f8240","3f2ac51e-75c9-4997-900e-46422aa22459","job","573e9aad-0c7c-408b-ab7b-f28fc2d20b11","file_uploaded","po file ""CE.Halloween.2025.6x9.postcard.8.25.25 (1).pdf"" uploaded",,"""2025-09-25T16:36:13.525Z"""
"f2a97a19-90e3-4221-ab6a-af2bf0691c29","system","job","J-2025-653930","email_sample_tracking","Email success: sample_tracking to lorie@jjsainc.com, nick@jdgraphic.com, brandon@innovateflow.co, steve.gustafson@bgeltd.com","{""emailEvent"":{""type"":""sample_tracking"",""status"":""success"",""subject"":""Job Updated - J-2025-653930"",""timestamp"":""2025-09-30T22:50:04.363Z"",""recipients"":[""lorie@jjsainc.com"",""nick@jdgraphic.com"",""brandon@innovateflow.co"",""steve.gustafson@bgeltd.com""]}}","""2025-09-30T22:50:04.635Z"""
"f32b0711-0588-4d1c-b3de-3db42428d655","system","system","jobs-report","email_jobs_report","Email success: jobs_report to brandon@innovateflow.co, steve.gustafson@bgeltd.com, nick@starterboxstudios.com","{""emailEvent"":{""type"":""jobs_report"",""status"":""success"",""subject"":""Bradford Financial Report - 10/14/2025"",""timestamp"":""2025-10-14T22:00:10.582Z"",""recipients"":[""brandon@innovateflow.co"",""steve.gustafson@bgeltd.com"",""nick@starterboxstudios.com""]}}","""2025-10-14T22:00:11.104Z"""
"f381474a-9a70-4d1e-9aec-8737eb7a1887","3f2ac51e-75c9-4997-900e-46422aa22459","job","573e9aad-0c7c-408b-ab7b-f28fc2d20b11","job_updated","Job updated: Christopher Elbow Halloween 2025 Postcard",,"""2025-09-15T19:17:36.236Z"""
"f4b35efa-e883-4051-9b61-c93c3382f6d8","a717bcf8-6395-4cdf-8131-fdabb222541e","job","c6d7f5a3-d033-4869-92dd-212965f2b6ee","file_uploaded","data file ""CherryRepublicToPrinter.zip"" uploaded",,"""2025-10-03T16:01:52.046Z"""
"f605a71e-2d48-4f30-942c-222a3cc8fb69","a717bcf8-6395-4cdf-8131-fdabb222541e","job","0c1c921e-de7d-4eac-8b06-f587c61ba6e6","job_created","Direct order created: Naomi Whittel Oversized Postcard November 2025",,"""2025-08-28T18:45:54.898Z"""
"f77acbae-6c23-435b-a41b-c76cee1d5eba","system","job","J-2025-401034","email_proof_ready","Email success: proof_ready to lorie@jjsainc.com, brandon@innovateflow.co, steve.gustafson@bgeltd.com","{""emailEvent"":{""type"":""proof_ready"",""status"":""success"",""subject"":""Proof Ready for Review - J-2025-401034"",""timestamp"":""2025-10-07T20:02:58.403Z"",""recipients"":[""lorie@jjsainc.com"",""brandon@innovateflow.co"",""steve.gustafson@bgeltd.com""]}}","""2025-10-07T20:02:58.787Z"""
"f795ba8c-2d48-4ee9-a854-626df51cf4b6","3f2ac51e-75c9-4997-900e-46422aa22459","outgoing_po","2f810b22-4e17-40d7-8c2f-06e7b1c8cbcd","po_created","Purchase order PO-2025-122017 created for job J-2025-121928",,"""2025-09-16T13:58:42.079Z"""
"fb195a27-8a81-47d2-b668-963470176bfd","3f2ac51e-75c9-4997-900e-46422aa22459","job","ad90b3e1-b34a-4764-957a-6aed15b3de28","file_uploaded","artwork file ""MadeinUSA-INS-F25.pdf"" uploaded",,"""2025-10-09T17:33:25.466Z"""
"fb5e6e5a-d476-4cd3-b14a-028dda371cec","system","system","jobs-report","email_jobs_report","Email success: jobs_report to brandon@innovateflow.co, steve.gustafson@bgeltd.com, nick@starterboxstudios.com","{""emailEvent"":{""type"":""jobs_report"",""status"":""success"",""subject"":""Jobs Report - 10/14/2025"",""timestamp"":""2025-10-14T18:43:54.632Z"",""recipients"":[""brandon@innovateflow.co"",""steve.gustafson@bgeltd.com"",""nick@starterboxstudios.com""]}}","""2025-10-14T18:43:55.139Z"""
"fbffce18-4e3c-4cbb-9e51-214447c4213d","system","system","jobs-report","email_jobs_report","Email success: jobs_report to brandon@innovateflow.co, steve.gustafson@bgeltd.com, nick@starterboxstudios.com","{""emailEvent"":{""type"":""jobs_report"",""status"":""success"",""subject"":""Jobs Report - 10/14/2025"",""timestamp"":""2025-10-14T19:02:45.550Z"",""recipients"":[""brandon@innovateflow.co"",""steve.gustafson@bgeltd.com"",""nick@starterboxstudios.com""]}}","""2025-10-14T19:02:46.099Z"""
"fcdb2321-079a-4cce-9c06-a9b16c03377a","3f2ac51e-75c9-4997-900e-46422aa22459","outgoing_po","0078cebd-c36a-4f55-ad9b-fa0daf9d7c9e","auto_created","Auto-generated Bradford PO PO-2025-842706 for customer invoice",,"""2025-10-14T19:57:22.769Z"""